{
  "A1max_r32_L7-12_ls0.1": {
    "config": {
      "lora_rank": 32,
      "lora_layers": [
        7,
        8,
        9,
        10,
        11,
        12
      ],
      "label_smoothing": 0.1
    },
    "pairwise_mean": 0.8026535814702707,
    "pairwise_per_fold": [
      0.7627931568412705,
      0.7987996519700978,
      0.8136662168241116,
      0.835355300245603
    ],
    "r2_mean": -0.19054408371448517,
    "r2_per_fold": [
      -0.570939302444458,
      -0.23955392837524414,
      -0.06887996196746826,
      0.11719685792922974
    ],
    "dimension_collapse_mean": 0.3546379980883146,
    "dimension_collapse_per_fold": [
      0.3126531853145256,
      0.35722336988804937,
      0.3100203320250258,
      0.43865510512565753
    ],
    "per_dimension_correlation_per_fold": [
      [
        [
          0.9999999999999998,
          -0.06003676187112105,
          -0.2551454801646735,
          0.029840780781318382,
          -0.31269323572619073,
          -0.3964212037317869
        ],
        [
          -0.06003676187112105,
          0.9999999999999998,
          0.28193550833512326,
          0.2367172587571736,
          0.22671764191192162,
          0.5070546325065525
        ],
        [
          -0.2551454801646734,
          0.28193550833512326,
          1.0,
          0.16341540095011614,
          0.22253078589313902,
          0.6854191842390602
        ],
        [
          0.029840780781318382,
          0.23671725875717362,
          0.16341540095011617,
          1.0,
          0.4551464243708466,
          0.19510950298133783
        ],
        [
          -0.3126932357261907,
          0.22671764191192165,
          0.22253078589313902,
          0.4551464243708467,
          0.9999999999999999,
          0.6616139774975229
        ],
        [
          -0.39642120373178685,
          0.5070546325065524,
          0.6854191842390602,
          0.19510950298133786,
          0.6616139774975228,
          1.0
        ]
      ],
      [
        [
          0.9999999999999998,
          0.04221184235465026,
          -0.21582437533608434,
          0.03528224227387895,
          -0.30720111798651656,
          -0.38325890751846453
        ],
        [
          0.04221184235465027,
          1.0,
          0.15719838588514257,
          0.29444906989182135,
          0.4110242633490966,
          0.5248128149468735
        ],
        [
          -0.21582437533608434,
          0.1571983858851426,
          1.0,
          0.3458203904340002,
          0.41837976925696124,
          0.659618796309348
        ],
        [
          0.03528224227387895,
          0.29444906989182135,
          0.34582039043400026,
          0.9999999999999999,
          0.6197468826329882,
          0.23718849794685454
        ],
        [
          -0.3072011179865165,
          0.4110242633490966,
          0.4183797692569613,
          0.6197468826329882,
          1.0,
          0.7063331921980596
        ],
        [
          -0.38325890751846453,
          0.5248128149468735,
          0.659618796309348,
          0.23718849794685454,
          0.7063331921980596,
          1.0
        ]
      ],
      [
        [
          1.0,
          -0.021098983752849406,
          -0.08095414598429108,
          0.09850223973229334,
          -0.32675668980477585,
          -0.5111095070116942
        ],
        [
          -0.021098983752849406,
          1.0,
          0.3584176112599973,
          0.2432884244548652,
          0.3856997520804549,
          0.6346625554463503
        ],
        [
          -0.08095414598429107,
          0.3584176112599973,
          1.0,
          0.11299613430679449,
          0.08022112444041414,
          0.5565596166490894
        ],
        [
          0.09850223973229334,
          0.24328842445486523,
          0.11299613430679449,
          1.0,
          0.5755661917977491,
          0.08978258060159235
        ],
        [
          -0.32675668980477585,
          0.3856997520804549,
          0.08022112444041415,
          0.5755661917977491,
          1.0,
          0.5746894230521762
        ],
        [
          -0.5111095070116942,
          0.6346625554463503,
          0.5565596166490894,
          0.08978258060159235,
          0.5746894230521761,
          1.0
        ]
      ],
      [
        [
          1.0,
          -0.24536291210672145,
          -0.43837560485226157,
          -0.1786828914040303,
          -0.3897201676684514,
          -0.6048295011661715
        ],
        [
          -0.24536291210672145,
          0.9999999999999998,
          0.45342528023394396,
          0.3133310531202094,
          0.3804827360656225,
          0.6912470512884024
        ],
        [
          -0.43837560485226157,
          0.45342528023394396,
          1.0,
          0.2741667925455007,
          0.23191449553331883,
          0.6661178042423938
        ],
        [
          -0.1786828914040303,
          0.3133310531202094,
          0.27416679254550064,
          0.9999999999999998,
          0.6620391855521656,
          0.37119977899124
        ],
        [
          -0.3897201676684514,
          0.3804827360656225,
          0.23191449553331883,
          0.6620391855521655,
          1.0,
          0.6789313221144297
        ],
        [
          -0.6048295011661714,
          0.6912470512884024,
          0.6661178042423938,
          0.37119977899124,
          0.6789313221144297,
          1.0
        ]
      ]
    ],