{
  "frozen_probe": {
    "config": {
      "input_dim": 1024,
      "hidden_dim": 512,
      "num_labels": 6,
      "learning_rate": 3e-05,
      "weight_decay": 1e-05,
      "temperature": 0.07,
      "lora_target_layers": [
        7,
        8,
        9,
        10,
        11,
        12
      ],
      "label_smoothing": 0.0,
      "warmup_epochs": 5,
      "max_epochs": 200,
      "use_pretrained_muq": false
    },
    "pairwise_mean": 0.5071240756791777,
    "pairwise_per_fold": [
      0.5210067612459452,
      0.4898142112125163,
      0.5294808809382183,
      0.4881944493200312
    ],
    "r2_mean": 0.4660683423280716,
    "r2_per_fold": [
      0.5486289262771606,
      0.4625585675239563,
      0.4417871832847595,
      0.4112986922264099
    ]
  },
  "bce_ranking_only": {
    "config": {
      "input_dim": 1024,
      "hidden_dim": 512,
      "num_labels": 6,
      "learning_rate": 3e-05,
      "weight_decay": 1e-05,
      "temperature": 0.07,
      "lambda_listmle": 0.0,
      "lambda_contrastive": 0.0,
      "lambda_regression": 0.0,
      "lambda_invariance": 0.0,
      "use_ccc": false,
      "mixup_alpha": 0.0,
      "warmup_epochs": 5,
      "max_epochs": 200,
      "use_pretrained_muq": false,
      "lora_rank": 32,
      "lora_target_layers": [
        7,
        8,
        9,
        10,
        11,
        12
      ],
      "label_smoothing": 0.1
    },
    "pairwise_mean": 0.7286218903201107,
    "pairwise_per_fold": [
      0.7715480517450267,
      0.70417753150804,
      0.7350135489414201,
      0.7037484290859563
    ],
    "r2_mean": -0.35013118386268616,
    "r2_per_fold": [
      -0.15467774868011475,
      -0.7199416160583496,
      -0.15858983993530273,
      -0.36731553077697754
    ]
  },
  "bce_plus_listmle": {
    "config": {
      "input_dim": 1024,
      "hidden_dim": 512,
      "num_labels": 6,
      "learning_rate": 3e-05,
      "weight_decay": 1e-05,
      "temperature": 0.07,
      "lambda_listmle": 1.5,
      "lambda_contrastive": 0.0,
      "lambda_regression": 0.0,
      "lambda_invariance": 0.0,
      "use_ccc": false,
      "mixup_alpha": 0.0,
      "warmup_epochs": 5,
      "max_epochs": 200,
      "use_pretrained_muq": false,
      "lora_rank": 32,
      "lora_target_layers": [
        7,
        8,
        9,
        10,
        11,
        12
      ],
      "label_smoothing": 0.1
    },
    "pairwise_mean": 0.7051125501689179,
    "pairwise_per_fold": [
      0.7189588462891312,
      0.6942271476169781,
      0.7213838279247722,
      0.6858803788447901
    ],
    "r2_mean": -11.115400314331055,
    "r2_per_fold": [
      -11.647858619689941,
      -12.867181777954102,
      -9.0835599899292,
      -10.863000869750977
    ]
  }
}