{
  "optimized_weights": {
    "config": {
      "input_dim": 1024,
      "hidden_dim": 512,
      "num_labels": 6,
      "learning_rate": 3e-05,
      "weight_decay": 1e-05,
      "temperature": 0.07,
      "lambda_listmle": 1.5,
      "lambda_contrastive": 0.6,
      "lambda_regression": 0.8,
      "lambda_invariance": 0.1,
      "use_ccc": true,
      "mixup_alpha": 0.2,
      "warmup_epochs": 5,
      "max_epochs": 200,
      "use_pretrained_muq": false,
      "lora_rank": 32,
      "lora_target_layers": [
        7,
        8,
        9,
        10,
        11,
        12
      ],
      "label_smoothing": 0.1
    },
    "pairwise_mean": 0.7985354678581464,
    "pairwise_per_fold": [
      0.7670418067147551,
      0.7893353694266385,
      0.8123076923076923,
      0.8254570029835001
    ],
    "r2_mean": 0.3360753208398819,
    "r2_per_fold": [
      0.21040135622024536,
      0.24266523122787476,
      0.4156908392906189,
      0.4755438566207886
    ]
  }
}