{
  "Aria-Embedding": {
    "n_comparisons_mean": 26461.0,
    "n_comparisons_std": 438.81772981501103,
    "pairwise_mean": 0.5961833031697187,
    "pairwise_std": 0.007192137171277317,
    "pw_articulation_mean": 0.5417591788701818,
    "pw_articulation_std": 0.04400643940340899,
    "pw_dynamics_mean": 0.6576409375679638,
    "pw_dynamics_std": 0.007177017765357447,
    "pw_interpretation_mean": 0.6122338381294905,
    "pw_interpretation_std": 0.015740988925111433,
    "pw_pedaling_mean": 0.586239727298704,
    "pw_pedaling_std": 0.011619712171539287,
    "pw_phrasing_mean": 0.5791059048709617,
    "pw_phrasing_std": 0.01125068702052203,
    "pw_timing_mean": 0.5578750721437905,
    "pw_timing_std": 0.04813141796164865,
    "r2_mean": -4.279896259307861,
    "r2_std": 0.7665740306163297
  },
  "Aria-Base": {
    "n_comparisons_mean": 26461.0,
    "n_comparisons_std": 438.81772981501103,
    "pairwise_mean": 0.5958678065388664,
    "pairwise_std": 0.03188176793970659,
    "pw_articulation_mean": 0.543420529876355,
    "pw_articulation_std": 0.017114895245162506,
    "pw_dynamics_mean": 0.6253658590232438,
    "pw_dynamics_std": 0.03167427233068391,
    "pw_interpretation_mean": 0.6227456951945302,
    "pw_interpretation_std": 0.03210604569233707,
    "pw_pedaling_mean": 0.6067834669728568,
    "pw_pedaling_std": 0.045121173038561314,
    "pw_phrasing_mean": 0.5475164511269641,
    "pw_phrasing_std": 0.05061550569781866,
    "pw_timing_mean": 0.5802842167133705,
    "pw_timing_std": 0.044773053114642136,
    "r2_mean": -4.777963757514954,
    "r2_std": 0.8618703259582683
  },
  "MuQ": {
    "n_comparisons_mean": 26461.0,
    "n_comparisons_std": 438.81772981501103,
    "pairwise_mean": 0.621724327713734,
    "pairwise_std": 0.09640289085812109,
    "pw_articulation_mean": 0.5466747040572768,
    "pw_articulation_std": 0.10180473368628053,
    "pw_dynamics_mean": 0.7241577788851113,
    "pw_dynamics_std": 0.0783239118380688,
    "pw_interpretation_mean": 0.6386253745478623,
    "pw_interpretation_std": 0.11012839825411698,
    "pw_pedaling_mean": 0.6658841599983292,
    "pw_pedaling_std": 0.07765007871046858,
    "pw_phrasing_mean": 0.6087956261601142,
    "pw_phrasing_std": 0.042596776194765366,
    "pw_timing_mean": 0.67532825620342,
    "pw_timing_std": 0.10257453441617735,
    "r2_mean": -1.9008724689483643,
    "r2_std": 3.127550505738439
  }
}