{
  "A1max_r8_L9-12_ls0.0": {
    "config": {
      "lora_rank": 8,
      "lora_layers": [
        9,
        10,
        11,
        12
      ],
      "label_smoothing": 0.0
    },
    "pairwise_mean": 0.7859120616040287,
    "pairwise_per_fold": [
      0.8206276624848556,
      0.7701452267130233,
      0.784296446432112,
      0.768578910786124
    ],
    "r2_mean": 0.16161572933197021,
    "r2_per_fold": [
      0.23903900384902954,
      -0.09068965911865234,
      0.3372623920440674,
      0.16085118055343628
    ]
  },
  "A1max_r8_L9-12_ls0.05": {
    "config": {
      "lora_rank": 8,
      "lora_layers": [
        9,
        10,
        11,
        12
      ],
      "label_smoothing": 0.05
    },
    "pairwise_mean": 0.7835106120480768,
    "pairwise_per_fold": [
      0.8219486457966937,
      0.755966608720846,
      0.7886365138463572,
      0.7674906798284106
    ],
    "r2_mean": 0.1608155071735382,
    "r2_per_fold": [
      0.17687064409255981,
      -0.03345751762390137,
      0.3847272992134094,
      0.11512160301208496
    ]
  },
  "A1max_r8_L9-12_ls0.1": {
    "config": {
      "lora_rank": 8,
      "lora_layers": [
        9,
        10,
        11,
        12
      ],
      "label_smoothing": 0.1
    },
    "pairwise_mean": 0.781476771865466,
    "pairwise_per_fold": [
      0.8190174698088873,
      0.7660890192669854,
      0.790391634171238,
      0.7504089642147536
    ],
    "r2_mean": 0.1115957647562027,
    "r2_per_fold": [
      0.2254694104194641,
      -0.1251823902130127,
      0.3640618324279785,
      -0.01796579360961914
    ]
  },
  "A1max_r8_L7-12_ls0.0": {
    "config": {
      "lora_rank": 8,
      "lora_layers": [
        7,
        8,
        9,
        10,
        11,
        12
      ],
      "label_smoothing": 0.0
    },
    "pairwise_mean": 0.7842385458671366,
    "pairwise_per_fold": [
      0.8150936022198773,
      0.7471660872084601,
      0.8042269759790854,
      0.7704675180611235
    ],
    "r2_mean": 0.1393725425004959,
    "r2_per_fold": [
      0.23210155963897705,
      -0.13271403312683105,
      0.3847007155418396,
      0.07340192794799805
    ]
  },
  "A1max_r8_L7-12_ls0.05": {
    "config": {
      "lora_rank": 8,
      "lora_layers": [
        7,
        8,
        9,
        10,
        11,
        12
      ],
      "label_smoothing": 0.05
    },
    "pairwise_mean": 0.778621391327882,
    "pairwise_per_fold": [
      0.8064720365810764,
      0.7542553962045487,
      0.7695578418629244,
      0.7842002906629784
    ],
    "r2_mean": 0.11120031774044037,
    "r2_per_fold": [
      0.17676055431365967,
      -0.14288091659545898,
      0.30670350790023804,
      0.10421812534332275
    ]
  },
  "A1max_r8_L7-12_ls0.1": {
    "config": {
      "lora_rank": 8,
      "lora_layers": [
        7,
        8,
        9,
        10,
        11,
        12
      ],
      "label_smoothing": 0.1
    },
    "pairwise_mean": 0.7866139000489815,
    "pairwise_per_fold": [
      0.8271778637589401,
      0.754970664928292,
      0.7975957054629038,
      0.7667113660457899
    ],
    "r2_mean": 0.1514206826686859,
    "r2_per_fold": [
      0.22876912355422974,
      -0.09948968887329102,
      0.3003159761428833,
      0.17608731985092163
    ]
  },
  "A1max_r16_L9-12_ls0.0": {
    "config": {
      "lora_rank": 16,
      "lora_layers": [
        9,
        10,
        11,
        12
      ],
      "label_smoothing": 0.0
    },
    "pairwise_mean": 0.7848168453322137,
    "pairwise_per_fold": [
      0.8232149138234259,
      0.7630559177169347,
      0.7873734147004179,
      0.7656231350880764
    ],
    "r2_mean": 0.16452090442180634,
    "r2_per_fold": [
      0.23058944940567017,
      -0.014671087265014648,
      0.34152156114578247,
      0.10064369440078735
    ]
  },
  "A1max_r16_L9-12_ls0.05": {
    "config": {
      "lora_rank": 16,
      "lora_layers": [
        9,
        10,
        11,
        12
      ],
      "label_smoothing": 0.05
    },
    "pairwise_mean": 0.7814388452641093,
    "pairwise_per_fold": [
      0.8139602141712589,
      0.7613628132695929,
      0.7828644444934018,
      0.7675679091221838
    ],
    "r2_mean": 0.12827110290527344,
    "r2_per_fold": [
      0.2223173975944519,
      -0.10896170139312744,
      0.33710211515426636,
      0.06262660026550293
    ]
  },
  "A1max_r16_L9-12_ls0.1": {
    "config": {
      "lora_rank": 16,
      "lora_layers": [
        9,
        10,
        11,
        12
      ],
      "label_smoothing": 0.1
    },
    "pairwise_mean": 0.7852046521709739,
    "pairwise_per_fold": [
      0.8053542814710595,
      0.7693122555410691,
      0.7887760422403854,
      0.7773760294313817
    ],
    "r2_mean": 0.1393129825592041,
    "r2_per_fold": [
      0.15430456399917603,
      -0.05098152160644531,
      0.3589465618133545,
      0.0949823260307312
    ]
  },
  "A1max_r16_L7-12_ls0.0": {
    "config": {
      "lora_rank": 16,
      "lora_layers": [
        7,
        8,
        9,
        10,
        11,
        12
      ],
      "label_smoothing": 0.0
    },
    "pairwise_mean": 0.7736553987791731,
    "pairwise_per_fold": [
      0.8064564036424747,
      0.7462063595538172,
      0.784156918038084,
      0.7578019138823165
    ],
    "r2_mean": 0.14156338572502136,
    "r2_per_fold": [
      0.16518616676330566,
      -0.04488682746887207,
      0.3211281895637512,
      0.12482601404190063
    ]
  },
  "A1max_r16_L7-12_ls0.05": {
    "config": {
      "lora_rank": 16,
      "lora_layers": [
        7,
        8,
        9,
        10,
        11,
        12
      ],
      "label_smoothing": 0.05
    },
    "pairwise_mean": 0.780017984254214,
    "pairwise_per_fold": [
      0.8011802868644233,
      0.750995943792554,
      0.7950621635713394,
      0.7728335427885392
    ],
    "r2_mean": 0.08995530009269714,
    "r2_per_fold": [
      0.11666953563690186,
      -0.16437411308288574,
      0.33803582191467285,
      0.06948995590209961
    ]
  },
  "A1max_r16_L7-12_ls0.1": {
    "config": {
      "lora_rank": 16,
      "lora_layers": [
        7,
        8,
        9,
        10,
        11,
        12
      ],
      "label_smoothing": 0.1
    },
    "pairwise_mean": 0.7831945987042426,
    "pairwise_per_fold": [
      0.8113573298940868,
      0.750344053310155,
      0.7993948873858988,
      0.7716821242268295
    ],
    "r2_mean": 0.13933414220809937,
    "r2_per_fold": [
      0.18079417943954468,
      -0.0899052619934082,
      0.31398308277130127,
      0.15246456861495972
    ]
  },
  "A1max_r32_L9-12_ls0.0": {
    "config": {
      "lora_rank": 32,
      "lora_layers": [
        9,
        10,
        11,
        12
      ],
      "label_smoothing": 0.0
    },
    "pairwise_mean": 0.7817705742045544,
    "pairwise_per_fold": [
      0.8153671786454059,
      0.7748714327104158,
      0.7871017015120472,
      0.7497419839503486
    ],
    "r2_mean": 0.1595604568719864,
    "r2_per_fold": [
      0.2594372630119324,
      -0.07435929775238037,
      0.35591328144073486,
      0.09725058078765869
    ]
  },
  "A1max_r32_L9-12_ls0.05": {
    "config": {
      "lora_rank": 32,
      "lora_layers": [
        9,
        10,
        11,
        12
      ],
      "label_smoothing": 0.05
    },
    "pairwise_mean": 0.7820495796451646,
    "pairwise_per_fold": [
      0.8112322663852738,
      0.7677730696798494,
      0.7811827601653779,
      0.7680102223501576
    ],
    "r2_mean": 0.13794739544391632,
    "r2_per_fold": [
      0.10240006446838379,
      -0.03400921821594238,
      0.3277463912963867,
      0.15565234422683716
    ]
  },
  "A1max_r32_L9-12_ls0.1": {
    "config": {
      "lora_rank": 32,
      "lora_layers": [
        9,
        10,
        11,
        12
      ],
      "label_smoothing": 0.1
    },
    "pairwise_mean": 0.784930837030861,
    "pairwise_per_fold": [
      0.819158166256302,
      0.7660437490945966,
      0.789481027810212,
      0.7650404049623332
    ],
    "r2_mean": 0.10618659853935242,