{
  "piece": "chopin_ballade_1",
  "video_id": "kNZEQP0hiwE",
  "amt_note_count": 4061,
  "score_note_count": 5171,
  "measure_count": 264,
  "matched_label_count": 3774,
  "matched_pair_count": 3774,
  "match_rate_vs_amt": 0.9293277517852746,
  "match_rate_vs_score": 0.7298394894604525,
  "parangonar_seconds": 141.46466398239136,
  "anchor_bars": {
    "30.0s": 7.632692307692308,
    "60.0s": 17.720588235294116,
    "90.0s": 29.333333333333332,
    "120.0s": 38.90740740740741,
    "150.0s": 58.91472868217054,
    "180.0s": 71.5904761904762,
    "210.0s": 84.06140350877193,
    "240.0s": 94.41213768115942,
    "270.0s": 105.31876138433516,
    "300.0s": 119.69166666666665,
    "330.0s": 138.81944444444446,
    "360.0s": 171.36547768043388,
    "390.0s": 180.8147893199833,
    "420.0s": 190.26410095953273,
    "450.0s": 199.7824074074074,
    "480.0s": 213.34615384615387,
    "510.0s": 239.52083333333331,
    "540.0s": 255.30457899305554
  }
}