{
  "experiment_id": "E1c_simple_diff",
  "description": "E1c: Trivial baseline - direct difference predictor",
  "config": {
    "input_dim": 1024,
    "hidden_dim": 256,
    "num_labels": 19,
    "learning_rate": 0.0001,
    "ambiguous_threshold": 0.05,
    "batch_size": 256,
    "max_epochs": 50,
    "patience": 10,
    "max_frames": 1000,
    "n_folds": 4,
    "num_workers": 4,
    "seed": 42
  },
  "summary": {
    "avg_pairwise_acc": 0.7697778940200806,
    "std_pairwise_acc": 0.0008043050765991211,
    "overall_accuracy": 0.8085573712879986,
    "kendall_tau": 0.6171147425759972,
    "n_comparisons": 102438
  },
  "fold_results": {
    "2": 0.7705821990966797,
    "3": 0.7689735889434814
  },
  "per_dimension": {
    "0": 0.7928167608912537,
    "1": 0.7725653206650831,
    "2": 0.7968011632133769,
    "3": 0.7995020746887966,
    "4": 0.7763201049524434,
    "5": 0.8251736111111111,
    "6": 0.8086441893830703,
    "7": 0.8422391857506362,
    "8": 0.8239543726235742,
    "9": 0.8170933873641555,
    "10": 0.794224482382855,
    "11": 0.8828077314343845,
    "12": 0.7930966469428008,
    "13": 0.7715930902111324,
    "14": 0.8162482566248257,
    "15": 0.8265667291276285,
    "16": 0.8548621190130624,
    "17": 0.8103378921962993,
    "18": 0.7707307837940174
  },
  "training_time_seconds": 7924.899036169052
}