{
  "dim_order": [
    "dynamics",
    "timing",
    "pedaling",
    "articulation",
    "phrasing",
    "interpretation"
  ],
  "lovo_cv": {
    "unbalanced": {
      "auc": 0.6441797563214968,
      "accuracy": 0.8316656856974691
    },
    "balanced": {
      "auc": 0.648633961140475,
      "accuracy": 0.61094761624485
    }
  },
  "final_model_unbalanced": {
    "weights": [
      -0.41649262406795157,
      0.327967603321332,
      -0.45308441205307726,
      0.3852647348070529,
      0.22634634805432033,
      -0.17601174546464673
    ],
    "bias": 1.6956871940845077,
    "scaler_mean": [
      0.5450258712732475,
      0.4847922378461595,
      0.4594255388061307,
      0.536905790667279,
      0.5188082776999687,
      0.5064491922454344
    ],
    "scaler_std": [
      0.06889607941873518,
      0.038764461250536245,
      0.07911318443613162,
      0.015378837204490778,
      0.018568757017463057,
      0.05546955970556085
    ]
  },
  "final_model_balanced": {
    "weights": [
      -0.5265815995118466,
      0.3680961437667099,
      -0.5483262082767105,
      0.4883787622786336,
      0.2426987765968545,
      -0.1540634046644306
    ],
    "bias": 0.11464926696516044,
    "scaler_mean": [
      0.5450258712732475,
      0.4847922378461595,
      0.4594255388061307,
      0.536905790667279,
      0.5188082776999687,
      0.5064491922454344
    ],
    "scaler_std": [
      0.06889607941873518,
      0.038764461250536245,
      0.07911318443613162,
      0.015378837204490778,
      0.018568757017463057,
      0.05546955970556085
    ]
  },
  "equal_weights_auc": 0.5613538797488771,
  "raw_mean_auc": 0.5231593836075337,
  "inverted_raw_mean_auc": 0.4768406163924663,
  "coefficient_stability": {
    "mean_coefs": [
      -0.41661118799464764,
      0.32827888187090815,
      -0.4519086269522386,
      0.38451457800501626,
      0.22751366548430826,
      -0.1780805238982059
    ],
    "std_coefs": [
      0.014995381621549168,
      0.014122950202088647,
      0.023681932366222562,
      0.0204860041534437,
      0.022111118716435934,
      0.03570040149853403
    ],
    "sign_consistency": [
      1.0,
      1.0,
      1.0,
      1.0,
      1.0,
      1.0
    ]
  }
}