{
  "-Bxpm0EmOMU": [
    0.4440441131591797,
    0.5307607650756836,
    0.6764611601829529,
    0.5751404166221619,
    0.5905696153640747,
    0.6152254939079285
  ],
  "0NC0ca1rLpE": [
    0.5071402788162231,
    0.5141795873641968,
    0.6557668447494507,
    0.5926148891448975,
    0.5820513367652893,
    0.5929619073867798
  ],
  "0s60_AoMHM0": [
    0.43823057413101196,
    0.5332803130149841,
    0.7067185044288635,
    0.6105882525444031,
    0.6114692091941833,
    0.6497107744216919
  ],
  "1KSzkx86eyU": [
    0.5828506350517273,
    0.47609758377075195,
    0.4593069851398468,
    0.5414001941680908,
    0.5592576265335083,
    0.5473479628562927
  ],
  "262NkSNosg0": [
    0.5520184636116028,
    0.5143440365791321,
    0.5853642225265503,
    0.5690591335296631,
    0.5544395446777344,
    0.5762072801589966
  ],
  "2GuHebuElok": [
    0.5929633975028992,
    0.49918895959854126,
    0.5263511538505554,
    0.560765266418457,
    0.5417740345001221,
    0.5555055737495422
  ],
  "2IOJBILVEhY": [
    0.5453674793243408,
    0.513709545135498,
    0.5916639566421509,
    0.5704513192176819,
    0.5536094307899475,
    0.5808388590812683
  ],
  "2Lmn4I_Tbl0": [
    0.6130147576332092,
    0.4626142978668213,
    0.38969558477401733,
    0.5368629097938538,
    0.5359544157981873,
    0.5160112380981445
  ],
  "3k5ra-YFCUA": [
    0.5340477228164673,
    0.5092691779136658,
    0.5812140703201294,
    0.5588963031768799,
    0.5758947730064392,
    0.5766288042068481
  ],
  "4rnEtMkZ68g": [
    0.5358242988586426,
    0.5294845104217529,
    0.6125819087028503,
    0.5605218410491943,
    0.5675083994865417,
    0.5794909596443176
  ],
  "5tSeDy0BJJE": [
    0.5855564475059509,
    0.47007253766059875,
    0.45668402314186096,
    0.5475337505340576,
    0.5392566919326782,
    0.5373290181159973
  ],
  "7ZuHQaD62Fg": [
    0.599258542060852,
    0.5532596707344055,
    0.5842230319976807,
    0.5854568481445312,
    0.5601080060005188,
    0.5705856084823608
  ],
  "7oeGflOpmvM": [
    0.4917290210723877,
    0.5242013931274414,
    0.6789781451225281,
    0.5929902791976929,
    0.5876101851463318,
    0.6042048931121826
  ],
  "7pwRjv4cdLA": [
    0.5262817740440369,
    0.507337749004364,
    0.606891930103302,
    0.5677165389060974,
    0.5626358985900879,
    0.575078547000885
  ],
  "B0OyrsmPTlU": [
    0.5471101999282837,
    0.5191128849983215,
    0.619234561920166,
    0.5722824931144714,
    0.559042751789093,
    0.5758107304573059
  ],
  "BbgEbWaLNAE": [
    0.5641413927078247,
    0.503275454044342,
    0.5550817251205444,
    0.5625842213630676,
    0.5568442344665527,
    0.5731033682823181
  ],
  "Eg7zvFIS9WM": [
    0.4515519142150879,
    0.5303834080696106,
    0.6526228785514832,
    0.5598348379135132,
    0.5819700360298157,
    0.601665735244751
  ],
  "G8cOZdu9C5I": [
    0.47792714834213257,
    0.5356490015983582,
    0.6871612071990967,
    0.5960295796394348,
    0.596016526222229,
    0.6245243549346924
  ],
  "HkOC3zLOIaA": [
    0.5521709322929382,
    0.465206116437912,
    0.4582822024822235,
    0.5175825953483582,
    0.5293328166007996,
    0.5227696299552917
  ],
  "IhFY_VBrhos": [
    0.5379975438117981,
    0.5145288109779358,
    0.5964138507843018,
    0.5752795338630676,
    0.5820131301879883,
    0.5883114337921143
  ],
  "JSg4D0Nwio4": [
    0.5365945100784302,
    0.51706463098526,
    0.6187770962715149,
    0.5800670385360718,
    0.5823913812637329,
    0.5800110101699829
  ],
  "JnXqNRVLUvg": [
    0.5615909695625305,
    0.4645029902458191,
    0.6018444895744324,
    0.5224536061286926,
    0.5154778957366943,
    0.4947347044944763
  ],
  "LXCHC1XqFRg": [
    0.5298349857330322,
    0.5015260577201843,
    0.5720546841621399,
    0.5505096912384033,
    0.5463281273841858,
    0.5604010224342346
  ],
  "LqoV4ZW7xTA": [
    0.4819515645503998,
    0.5298671126365662,
    0.6861506104469299,
    0.6010105013847351,
    0.5911834239959717,
    0.6212343573570251
  ],
  "MmEJlEpNTq0": [
    0.5944496989250183,
    0.47964921593666077,
    0.4289955794811249,
    0.5457366108894348,
    0.5563395023345947,
    0.5481578707695007
  ],
  "NsOXM8tTBM4": [
    0.5750705003738403,
    0.46769431233406067,
    0.45412540435791016,
    0.5366105437278748,
    0.5491840243339539,
    0.5457375049591064
  ],
  "PGQ-Ls42cRU": [
    0.5162760019302368,
    0.4953754246234894,
    0.5666244029998779,
    0.5451366901397705,
    0.5525463223457336,
    0.5561524629592896
  ],
  "PjyDsANceSU": [
    0.47915002703666687,
    0.5398219227790833,
    0.6766175031661987,
    0.5792563557624817,
    0.5854327082633972,
    0.6124829649925232
  ],
  "QlMKTAXOQA0": [
    0.5931919813156128,
    0.4787514805793762,
    0.4386982023715973,
    0.5388627648353577,
    0.5589130520820618,
    0.5497210025787354
  ],
  "Qn2S8tt-geI": [
    0.5399425625801086,
    0.5145879983901978,
    0.5967420935630798,
    0.5615547895431519,
    0.5493110418319702,
    0.5799399018287659
  ],
  "R2fAz_H9Cck": [
    0.45914900302886963,
    0.5329489707946777,
    0.6856261491775513,
    0.5896395444869995,
    0.6005089282989502,
    0.6235747337341309
  ],
  "RuGl4Jnbv7A": [
    0.5295552611351013,
    0.5210527777671814,
    0.6501681804656982,
    0.5978564023971558,
    0.5800374150276184,
    0.5888707041740417
  ],
  "WxsXGvkQMo0": [
    0.5796536803245544,
    0.52664715051651,
    0.5505548119544983,
    0.5650363564491272,
    0.5551590323448181,
    0.5803971886634827
  ],
  "bfoqeJZn5AI": [
    0.5283583998680115,
    0.5273590683937073,
    0.639610230922699,
    0.5801210999488831,
    0.5725861191749573,
    0.5888312458992004
  ],
  "ckNuyscRSQo": [
    0.5869998931884766,
    0.5200568437576294,
    0.5607367753982544,
    0.5641423463821411,
    0.559967577457428,
    0.5576815009117126
  ],
  "e4gyr2Pjc7Y": [
    0.5072282552719116,
    0.5288498401641846,
    0.6681516170501709,
    0.5946646928787231,
    0.5796144008636475,
    0.6077942848205566
  ],
  "gSxFmQnhsyg": [
    0.571379542350769,
    0.489098459482193,
    0.5076327919960022,
    0.5547085404396057,
    0.5631617307662964,
    0.5547411441802979
  ],
  "gsvav4WXo_c": [
    0.5339531898498535,
    0.52419114112854,
    0.6235252618789673,
    0.5686637759208679,
    0.5684481263160706,
    0.5778917074203491
  ],
  "he98w0WCGIg": [
    0.5278056859970093,
    0.5224454402923584,
    0.6204857230186462,
    0.5754601359367371,
    0.581300675868988,
    0.5854858160018921
  ],
  "mZdBzID0kVI": [
    0.5249241590499878,
    0.5339982509613037,
    0.6518678069114685,
    0.5719361305236816,
    0.5591927766799927,
    0.5902742147445679
  ],
  "oZv1kDbVC90": [
    0.4994131028652191,
    0.5219046473503113,
    0.672840416431427,
    0.614827036857605,
    0.5944036245346069,
    0.6130741834640503
  ],
  "ouYT5OEPfRI": [
    0.44709211587905884,
    0.5301262736320496,
    0.6767181754112244,
    0.5825256109237671,
    0.6021092534065247,
    0.6216035485267639
  ],
  "pJS89obbxIw": [
    0.5147812366485596,
    0.5297186374664307,
    0.6453773975372314,
    0.569991409778595,
    0.5713139176368713,
    0.5907881259918213
  ],
  "pff5ksXK8C0": [
    0.5330606698989868,
    0.5271516442298889,
    0.6382518410682678,
    0.5849754810333252,
    0.576167106628418,
    0.5892245769500732
  ],
  "qatfFYipRhQ": [
    0.5886237621307373,
    0.4898509383201599,
    0.484587162733078,
    0.5473136305809021,
    0.5710282325744629,
    0.5560121536254883
  ],
  "rZk1HkgTxL4": [
    0.5860860347747803,
    0.46658942103385925,
    0.45330506563186646,
    0.5389958620071411,
    0.5363844633102417,
    0.5351159572601318
  ],
  "sBQXzKKfhAQ": [
    0.5422611832618713,
    0.5183945894241333,
    0.6263339519500732,
    0.5920686721801758,
    0.5827966928482056,
    0.5782328844070435
  ],