{
  "experiment_id": "B1_multi_seed_stability",
  "status": "in_progress",
  "seed_results": {
    "42": {
      "overall_r2": 0.551180362701416,
      "fold_r2": {
        "0": 0.4711134135723114,
        "1": 0.5828051567077637,
        "2": 0.5304569005966187,
        "3": 0.5939812660217285
      }
    },
    "123": {
      "overall_r2": 0.5550154447555542,
      "fold_r2": {
        "0": 0.48353275656700134,
        "1": 0.5860111713409424,
        "2": 0.5236661434173584,
        "3": 0.5971319079399109
      }
    },
    "456": {
      "overall_r2": 0.5511704683303833,
      "fold_r2": {
        "0": 0.46948733925819397,
        "1": 0.5840980410575867,
        "2": 0.5216562151908875,
        "3": 0.5997284054756165
      }
    }
  },
  "audio_source": "pianoteq_ensemble",
  "fold_method": "performer_based"
}