{
  "experiment_id": "C3_maestro_transfer",
  "n_samples": 500,
  "prediction_stats": {
    "timing": {
      "mean": 0.6913057565689087,
      "std": 0.09397749602794647,
      "min": 0.3237142264842987,
      "max": 0.8617731928825378
    },
    "articulation_length": {
      "mean": 0.6856139898300171,
      "std": 0.1048886701464653,
      "min": 0.4419148564338684,
      "max": 0.8965338468551636
    },
    "articulation_touch": {
      "mean": 0.4585355520248413,
      "std": 0.10023784637451172,
      "min": 0.22686032950878143,
      "max": 0.6762667894363403
    },
    "pedal_amount": {
      "mean": 0.7720227837562561,
      "std": 0.08847630023956299,
      "min": 0.505904495716095,
      "max": 0.936940610408783
    },
    "pedal_clarity": {
      "mean": 0.6370068192481995,
      "std": 0.07764072716236115,
      "min": 0.42639896273612976,
      "max": 0.8379051089286804
    },
    "timbre_variety": {
      "mean": 0.6561504602432251,
      "std": 0.05042770877480507,
      "min": 0.4585930407047272,
      "max": 0.7818343043327332
    },
    "timbre_depth": {
      "mean": 0.727490246295929,
      "std": 0.06088791415095329,
      "min": 0.5372354984283447,
      "max": 0.8534260392189026
    },
    "timbre_brightness": {
      "mean": 0.547590434551239,
      "std": 0.05402432009577751,
      "min": 0.4179803133010864,
      "max": 0.7177122831344604
    },
    "timbre_loudness": {
      "mean": 0.4948173761367798,
      "std": 0.1374656707048416,
      "min": 0.12844553589820862,
      "max": 0.805289089679718
    },
    "dynamic_range": {
      "mean": 0.41604429483413696,
      "std": 0.09836926311254501,
      "min": 0.20387987792491913,
      "max": 0.6497750878334045
    },
    "tempo": {
      "mean": 0.5941964387893677,
      "std": 0.07062377780675888,
      "min": 0.326495498418808,
      "max": 0.7898887991905212
    },
    "space": {
      "mean": 0.5661688446998596,
      "std": 0.11549317836761475,
      "min": 0.33893662691116333,
      "max": 0.8061724305152893
    },
    "balance": {
      "mean": 0.6937330365180969,
      "std": 0.05644931644201279,
      "min": 0.5202171802520752,
      "max": 0.8014965057373047
    },
    "drama": {
      "mean": 0.687043309211731,
      "std": 0.059104327112436295,
      "min": 0.5367186665534973,
      "max": 0.8279162645339966
    },
    "mood_valence": {
      "mean": 0.7144070863723755,
      "std": 0.04855732247233391,
      "min": 0.5531162619590759,
      "max": 0.8455987572669983
    },
    "mood_energy": {
      "mean": 0.5502293109893799,
      "std": 0.051481179893016815,
      "min": 0.39892205595970154,
      "max": 0.7111103534698486
    },
    "mood_imagination": {
      "mean": 0.5981274247169495,
      "std": 0.11659478396177292,
      "min": 0.25411298871040344,
      "max": 0.8212453126907349
    },
    "sophistication": {
      "mean": 0.692086935043335,
      "std": 0.08278155326843262,
      "min": 0.4527909457683563,
      "max": 0.8449058532714844
    },
    "interpretation": {
      "mean": 0.6577520966529846,
      "std": 0.058663249015808105,
      "min": 0.49224963784217834,
      "max": 0.7855142951011658
    }
  },
  "note": "Zero-shot transfer to MAESTRO (no ground truth labels)"
}