{
  "exp_id": "A0_stability",
  "timing": {
    "mean": 0.9000000000000001,
    "std": 0.061237243569579464,
    "cv": 0.06804138098796182,
    "min": 0.8,
    "max": 0.9500000000000001
  },
  "articulation_length": {
    "mean": 0.7000000000000001,
    "std": 0.061237243569579415,
    "cv": 0.08748177527823094,
    "min": 0.6000000000000001,
    "max": 0.75
  },
  "articulation_touch": {
    "mean": 0.675,
    "std": 0.05590169943749472,
    "cv": 0.08281733127306874,
    "min": 0.6000000000000001,
    "max": 0.75
  },
  "pedal_amount": {
    "mean": 0.7625000000000001,
    "std": 0.041457809879442496,
    "cv": 0.05437089748948658,
    "min": 0.7000000000000001,
    "max": 0.8
  },
  "pedal_clarity": {
    "mean": 0.7875000000000001,
    "std": 0.021650635094610987,
    "cv": 0.027492869612294968,
    "min": 0.75,
    "max": 0.8
  },
  "timbre_variety": {
    "mean": 0.7125,
    "std": 0.07395099728874517,
    "cv": 0.10379087193099852,
    "min": 0.6000000000000001,
    "max": 0.8
  },
  "timbre_depth": {
    "mean": 0.7375,
    "std": 0.02165063509461094,
    "cv": 0.029356792950566788,
    "min": 0.7000000000000001,
    "max": 0.75
  },
  "timbre_brightness": {
    "mean": 0.7625000000000001,
    "std": 0.07395099728874523,
    "cv": 0.09698491320510962,
    "min": 0.65,
    "max": 0.8500000000000001
  },
  "timbre_loudness": {
    "mean": 0.8875000000000001,
    "std": 0.05448623679425842,
    "cv": 0.06139294217501858,
    "min": 0.8,
    "max": 0.9500000000000001
  },
  "dynamic_range": {
    "mean": 0.7750000000000001,
    "std": 0.08291561975888498,
    "cv": 0.1069878950825884,
    "min": 0.7000000000000001,
    "max": 0.9
  },
  "tempo": {
    "mean": 0.7875000000000001,
    "std": 0.05448623679425843,
    "cv": 0.06918887124110439,
    "min": 0.7000000000000001,
    "max": 0.8500000000000001
  },
  "space": {
    "mean": 0.75,
    "std": 0.03535533905932737,
    "cv": 0.0471404514505638,
    "min": 0.7000000000000001,
    "max": 0.8
  },
  "balance": {
    "mean": 0.75,
    "std": 0.03535533905932737,
    "cv": 0.0471404514505638,
    "min": 0.7000000000000001,
    "max": 0.8
  },
  "drama": {
    "mean": 0.7,
    "std": 0.04999999999999999,
    "cv": 0.07142857040816326,
    "min": 0.65,
    "max": 0.75
  },
  "mood_valence": {
    "mean": 0.6875,
    "std": 0.10825317547305485,
    "cv": 0.15745916203412832,
    "min": 0.55,
    "max": 0.8500000000000001
  },
  "mood_energy": {
    "mean": 0.5875,
    "std": 0.05448623679425844,
    "cv": 0.09274252913503513,
    "min": 0.5,
    "max": 0.65
  },
  "mood_imagination": {
    "mean": 0.8125,
    "std": 0.05448623679425842,
    "cv": 0.06705998292142595,
    "min": 0.75,
    "max": 0.9
  },
  "sophistication": {
    "mean": 0.7750000000000001,
    "std": 0.043301270189221926,
    "cv": 0.055872605974833366,
    "min": 0.7000000000000001,
    "max": 0.8
  },
  "interpretation": {
    "mean": 0.675,
    "std": 0.05590169943749472,
    "cv": 0.08281733127306874,
    "min": 0.6000000000000001,
    "max": 0.75
  },
  "_overall": {
    "mean_cv": 0.07418776978285326,
    "max_cv": 0.15745916203412832,
    "stable": true
  }
}