{
  "experiment_id": "audio_mert_L7-12",
  "description": "MERT L7-12 + MLP (PercePiano folds)",
  "config": {
    "input_dim": 1024,
    "hidden_dim": 512,
    "num_labels": 19,
    "dropout": 0.2,
    "learning_rate": 0.0001,
    "weight_decay": 1e-05,
    "gradient_clip_val": 1.0,
    "batch_size": 64,
    "max_epochs": 200,
    "patience": 15,
    "max_frames": 1000,
    "n_folds": 4,
    "num_workers": 2,
    "seed": 42
  },
  "summary": {
    "avg_r2": 0.4795430898666382,
    "std_r2": 0.03690560141586156,
    "r2_ci_95": [
      0.45913479924201966,
      0.510215251147747
    ],
    "overall_r2": 0.48672279715538025,
    "overall_mae": 0.06752502173185349,
    "dispersion_ratio": 0.7489877343177795
  },
  "fold_results": {
    "0": 0.4682063162326813,
    "1": 0.4658548831939697,
    "2": 0.4429685175418854,
    "3": 0.5411426424980164
  },
  "per_dimension": {
    "timing": {
      "r2": 0.3430712819099426,
      "mae": 0.08563248068094254,
      "pearson": 0.5864319205284119,
      "p_value": 5.742784848185508e-93,
      "label_mean": 0.4841463267803192,
      "label_std": 0.13315919041633606,
      "pred_mean": 0.4828900396823883,
      "pred_std": 0.08171630650758743
    },
    "articulation_length": {
      "r2": 0.6455345749855042,
      "mae": 0.05982024595141411,
      "pearson": 0.8037322759628296,
      "p_value": 3.8629040148103885e-226,
      "label_mean": 0.5528336763381958,
      "label_std": 0.12750078737735748,
      "pred_mean": 0.5537328124046326,
      "pred_std": 0.10503045469522476
    },
    "articulation_touch": {
      "r2": 0.5004760026931763,
      "mae": 0.06527817249298096,
      "pearson": 0.7104511260986328,
      "p_value": 1.0858141778002775e-153,
      "label_mean": 0.5556268095970154,
      "label_std": 0.11905946582555771,
      "pred_mean": 0.5553350448608398,
      "pred_std": 0.09235573559999466
    },
    "pedal_amount": {
      "r2": 0.540757954120636,
      "mae": 0.09469261020421982,
      "pearson": 0.7367407083511353,
      "p_value": 6.089832506794662e-171,
      "label_mean": 0.6203432083129883,
      "label_std": 0.17973750829696655,
      "pred_mean": 0.6194521188735962,
      "pred_std": 0.1404666006565094
    },
    "pedal_clarity": {
      "r2": 0.4426268935203552,
      "mae": 0.10046610981225967,
      "pearson": 0.6676371097564697,
      "p_value": 2.149384986565826e-129,
      "label_mean": 0.5288310050964355,
      "label_std": 0.16834025084972382,
      "pred_mean": 0.5282079577445984,
      "pred_std": 0.12176091969013214
    },
    "timbre_variety": {
      "r2": 0.4465169906616211,
      "mae": 0.06961427628993988,
      "pearson": 0.6711477041244507,
      "p_value": 3.1175218893004626e-131,
      "label_mean": 0.5332480072975159,
      "label_std": 0.11646948009729385,
      "pred_mean": 0.5341874361038208,
      "pred_std": 0.08540161699056625
    },
    "timbre_depth": {
      "r2": 0.5415432453155518,
      "mae": 0.06790456920862198,
      "pearson": 0.738430917263031,
      "p_value": 4.0221756017905544e-172,
      "label_mean": 0.5938758254051208,
      "label_std": 0.128086119890213,
      "pred_mean": 0.5952332019805908,
      "pred_std": 0.10229426622390747
    },
    "timbre_brightness": {
      "r2": 0.3681512475013733,
      "mae": 0.059867098927497864,
      "pearson": 0.6149755120277405,
      "p_value": 1.4560146713057958e-104,
      "label_mean": 0.4967922568321228,
      "label_std": 0.10502893477678299,
      "pred_mean": 0.4946292042732239,
      "pred_std": 0.07489138096570969
    },
    "timbre_loudness": {
      "r2": 0.6029459238052368,
      "mae": 0.05984823405742645,
      "pearson": 0.7770658135414124,
      "p_value": 7.247264799421038e-202,
      "label_mean": 0.5845330357551575,
      "label_std": 0.12392674386501312,
      "pred_mean": 0.5855304598808289,
      "pred_std": 0.09274937957525253
    },
    "dynamic_range": {
      "r2": 0.5511219501495361,
      "mae": 0.06434041261672974,
      "pearson": 0.7452483177185059,
      "p_value": 5.62264546807746e-177,
      "label_mean": 0.5251308083534241,
      "label_std": 0.12373863160610199,
      "pred_mean": 0.5260266065597534,
      "pred_std": 0.10025499016046524
    },
    "tempo": {
      "r2": 0.35205233097076416,
      "mae": 0.06352333724498749,
      "pearson": 0.5936243534088135,
      "p_value": 8.836167049500496e-96,
      "label_mean": 0.5355069041252136,
      "label_std": 0.10194859653711319,
      "pred_mean": 0.5361114740371704,
      "pred_std": 0.062291715294122696
    },
    "space": {
      "r2": 0.6233304738998413,
      "mae": 0.054848913103342056,
      "pearson": 0.790423572063446,
      "p_value": 1.3939491914444797e-213,
      "label_mean": 0.5221661329269409,
      "label_std": 0.11978843063116074,
      "pred_mean": 0.5264526009559631,
      "pred_std": 0.09619159996509552
    },
    "balance": {
      "r2": 0.49674248695373535,
      "mae": 0.06284131109714508,
      "pearson": 0.7082789540290833,
      "p_value": 2.3696768344550944e-152,
      "label_mean": 0.5606912970542908,
      "label_std": 0.11247606575489044,
      "pred_mean": 0.559698760509491,
      "pred_std": 0.08748839050531387
    },
    "drama": {
      "r2": 0.4100916385650635,
      "mae": 0.06424352526664734,
      "pearson": 0.6473026275634766,
      "p_value": 3.1977066777910257e-119,
      "label_mean": 0.611358106136322,
      "label_std": 0.10769056528806686,
      "pred_mean": 0.613211989402771,
      "pred_std": 0.07970251142978668
    },
    "mood_valence": {
      "r2": 0.40828537940979004,
      "mae": 0.06968890130519867,
      "pearson": 0.6432762742042542,
      "p_value": 2.6761581488448887e-117,
      "label_mean": 0.585261344909668,
      "label_std": 0.11473122239112854,
      "pred_mean": 0.5868114829063416,
      "pred_std": 0.08218514919281006
    },
    "mood_energy": {
      "r2": 0.437974214553833,
      "mae": 0.06172807887196541,
      "pearson": 0.6684626340866089,
      "p_value": 7.984591265863271e-130,
      "label_mean": 0.5104852914810181,
      "label_std": 0.11218186467885971,
      "pred_mean": 0.5084468126296997,
      "pred_std": 0.08535510301589966
    },
    "mood_imagination": {
      "r2": 0.5233423709869385,
      "mae": 0.052540019154548645,
      "pearson": 0.7234370708465576,
      "p_value": 5.815594865702407e-162,
      "label_mean": 0.6025237441062927,
      "label_std": 0.09766668826341629,
      "pred_mean": 0.6024572253227234,
      "pred_std": 0.07107536494731903
    },
    "sophistication": {
      "r2": 0.590160608291626,
      "mae": 0.058767169713974,
      "pearson": 0.7688756585121155,
      "p_value": 4.4498234521811886e-195,
      "label_mean": 0.5498096346855164,
      "label_std": 0.11772658675909042,
      "pred_mean": 0.5519800782203674,
      "pred_std": 0.09356279671192169
    },
    "interpretation": {
      "r2": 0.4230055809020996,
      "mae": 0.0673300102353096,
      "pearson": 0.6581921577453613,
      "p_value": 1.4319073492582565e-124,
      "label_mean": 0.5661762952804565,
      "label_std": 0.11534003168344498,
      "pred_mean": 0.5714291334152222,
      "pred_std": 0.0863204076886177
    }
  },
  "training_time_seconds": 3396.944440841675
}