{
  "exp_id": "F0_simple",
  "overall_r2": 0.4856674638596181,
  "bootstrap": {
    "overall": {
      "r2": 0.4856674638596181,
      "ci_lower": 0.46129993605356506,
      "ci_median": 0.48501602877072053,
      "ci_upper": 0.5072700480758269
    },
    "per_dimension": {
      "timing": {
        "r2": 0.29855840674575806,
        "ci_lower": 0.2551110030129539,
        "ci_upper": 0.33889003607500473
      },
      "articulation_length": {
        "r2": 0.6543926980308927,
        "ci_lower": 0.6198361431106202,
        "ci_upper": 0.6854947183509614
      },
      "articulation_touch": {
        "r2": 0.5214500357955754,
        "ci_lower": 0.4736185386542223,
        "ci_upper": 0.5635344964524731
      },
      "pedal_amount": {
        "r2": 0.535791322581688,
        "ci_lower": 0.4885196453612234,
        "ci_upper": 0.5786515387586296
      },
      "pedal_clarity": {
        "r2": 0.4283097727215869,
        "ci_lower": 0.38122206634233974,
        "ci_upper": 0.471859347731503
      },
      "timbre_variety": {
        "r2": 0.4551704684389799,
        "ci_lower": 0.40623937794776543,
        "ci_upper": 0.49825398291502937
      },
      "timbre_depth": {
        "r2": 0.5430027134242512,
        "ci_lower": 0.49624480525133596,
        "ci_upper": 0.5850021471431451
      },
      "timbre_brightness": {
        "r2": 0.36890807322768027,
        "ci_lower": 0.30893101182684185,
        "ci_upper": 0.4252298652374162
      },
      "timbre_loudness": {
        "r2": 0.5642556739148015,
        "ci_lower": 0.5229981685740882,
        "ci_upper": 0.6027239022969079
      },
      "dynamic_range": {
        "r2": 0.5418509409804511,
        "ci_lower": 0.4960060237416258,
        "ci_upper": 0.5830184453387386
      },
      "tempo": {
        "r2": 0.3440073657188727,
        "ci_lower": 0.29096386571052446,
        "ci_upper": 0.39140815070682733
      },
      "space": {
        "r2": 0.6220399892235138,
        "ci_lower": 0.5804580215174221,
        "ci_upper": 0.6604443397283366
      },
      "balance": {
        "r2": 0.4941763824155404,
        "ci_lower": 0.44657060372580565,
        "ci_upper": 0.5358690758445797
      },
      "drama": {
        "r2": 0.4203066256570682,
        "ci_lower": 0.3658705958283446,
        "ci_upper": 0.46917734665667615
      },
      "mood_valence": {
        "r2": 0.4239841916146556,
        "ci_lower": 0.37696026101077573,
        "ci_upper": 0.46584149848053374
      },
      "mood_energy": {
        "r2": 0.4844278146037233,
        "ci_lower": 0.4308261585551165,
        "ci_upper": 0.5318989932060753
      },
      "mood_imagination": {
        "r2": 0.5023364604393398,
        "ci_lower": 0.4554671612825607,
        "ci_upper": 0.5448710684553607
      },
      "sophistication": {
        "r2": 0.582633159092264,
        "ci_lower": 0.5411931453766731,
        "ci_upper": 0.6188411152595081
      },
      "interpretation": {
        "r2": 0.44207971870610185,
        "ci_lower": 0.3897392700501297,
        "ci_upper": 0.4896455161585029
      }
    }
  }
}