{
  "exp_id": "F1_weighted",
  "overall_r2": 0.49887130962005416,
  "bootstrap": {
    "overall": {
      "r2": 0.49887130962005416,
      "ci_lower": 0.4744687947912859,
      "ci_median": 0.4981705875733845,
      "ci_upper": 0.5204548335943489
    },
    "per_dimension": {
      "timing": {
        "r2": 0.3386657477123074,
        "ci_lower": 0.2891829118200234,
        "ci_upper": 0.385331433957372
      },
      "articulation_length": {
        "r2": 0.6591656810549953,
        "ci_lower": 0.6252573929402654,
        "ci_upper": 0.6895772791963302
      },
      "articulation_touch": {
        "r2": 0.5238225008986193,
        "ci_lower": 0.47505728858008395,
        "ci_upper": 0.5674610933364055
      },
      "pedal_amount": {
        "r2": 0.5553501952824702,
        "ci_lower": 0.509773833049462,
        "ci_upper": 0.5960624018859505
      },
      "pedal_clarity": {
        "r2": 0.45645746451849467,
        "ci_lower": 0.4086303603696081,
        "ci_upper": 0.4995932956630701
      },
      "timbre_variety": {
        "r2": 0.4602953702909365,
        "ci_lower": 0.40950792582678835,
        "ci_upper": 0.5050915306164728
      },
      "timbre_depth": {
        "r2": 0.5597667203068762,
        "ci_lower": 0.5130319330840046,
        "ci_upper": 0.6018240577727931
      },
      "timbre_brightness": {
        "r2": 0.37431270087834123,
        "ci_lower": 0.3123817997215212,
        "ci_upper": 0.43244279883642167
      },
      "timbre_loudness": {
        "r2": 0.6017150022067792,
        "ci_lower": 0.5627171370090045,
        "ci_upper": 0.6381277833256733
      },
      "dynamic_range": {
        "r2": 0.5515367211673081,
        "ci_lower": 0.5046727265162622,
        "ci_upper": 0.5939592022190233
      },
      "tempo": {
        "r2": 0.3593873156062114,
        "ci_lower": 0.3051170966993425,
        "ci_upper": 0.4070799396861838
      },
      "space": {
        "r2": 0.6338276206861734,
        "ci_lower": 0.5931007179678117,
        "ci_upper": 0.6707748533134908
      },
      "balance": {
        "r2": 0.5109358807220641,
        "ci_lower": 0.46146008362523777,
        "ci_upper": 0.5538937081932037
      },
      "drama": {
        "r2": 0.4282918944964187,
        "ci_lower": 0.37159243478025283,
        "ci_upper": 0.4787781073839654
      },
      "mood_valence": {
        "r2": 0.4130525451796616,
        "ci_lower": 0.36211243257256903,
        "ci_upper": 0.45837273394347144
      },
      "mood_energy": {
        "r2": 0.4801440174837448,
        "ci_lower": 0.42538317835972317,
        "ci_upper": 0.5289665755565482
      },
      "mood_imagination": {
        "r2": 0.5276613074373695,
        "ci_lower": 0.4836588647083999,
        "ci_upper": 0.5684354338897406
      },
      "sophistication": {
        "r2": 0.5982495156480705,
        "ci_lower": 0.5564933998619773,
        "ci_upper": 0.6349182156274454
      },
      "interpretation": {
        "r2": 0.4459166812041939,
        "ci_lower": 0.39167315505428224,
        "ci_upper": 0.49506590353037266
      }
    }
  },
  "optimal_weights": {
    "timing": 0.9000000000000001,
    "articulation_length": 0.7000000000000001,
    "articulation_touch": 0.675,
    "pedal_amount": 0.7625000000000001,
    "pedal_clarity": 0.7875000000000001,
    "timbre_variety": 0.7125,
    "timbre_depth": 0.7375,
    "timbre_brightness": 0.7625000000000001,
    "timbre_loudness": 0.8875000000000001,
    "dynamic_range": 0.7750000000000001,
    "tempo": 0.7875000000000001,
    "space": 0.75,
    "balance": 0.75,
    "drama": 0.7,
    "mood_valence": 0.6875,
    "mood_energy": 0.5875,
    "mood_imagination": 0.8125,
    "sophistication": 0.7750000000000001,
    "interpretation": 0.675
  },
  "fold_weights": {
    "timing": [
      0.9,
      0.9500000000000001,
      0.9500000000000001,
      0.8
    ],
    "articulation_length": [
      0.75,
      0.75,
      0.7000000000000001,
      0.6000000000000001
    ],
    "articulation_touch": [
      0.65,
      0.6000000000000001,
      0.75,
      0.7000000000000001
    ],
    "pedal_amount": [
      0.8,
      0.8,
      0.75,
      0.7000000000000001
    ],
    "pedal_clarity": [
      0.8,
      0.8,
      0.8,
      0.75
    ],
    "timbre_variety": [
      0.7000000000000001,
      0.8,
      0.75,
      0.6000000000000001
    ],
    "timbre_depth": [
      0.75,
      0.75,
      0.75,
      0.7000000000000001
    ],
    "timbre_brightness": [
      0.8500000000000001,
      0.75,
      0.8,
      0.65
    ],
    "timbre_loudness": [
      0.8,
      0.9,
      0.9500000000000001,
      0.9
    ],
    "dynamic_range": [
      0.7000000000000001,
      0.7000000000000001,
      0.9,
      0.8
    ],
    "tempo": [
      0.8,
      0.8500000000000001,
      0.8,
      0.7000000000000001
    ],
    "space": [
      0.8,
      0.75,
      0.75,
      0.7000000000000001
    ],
    "balance": [
      0.7000000000000001,
      0.75,
      0.8,
      0.75
    ],
    "drama": [
      0.75,
      0.65,
      0.75,
      0.65
    ],
    "mood_valence": [
      0.65,
      0.8500000000000001,
      0.7000000000000001,
      0.55
    ],
    "mood_energy": [
      0.65,
      0.6000000000000001,
      0.6000000000000001,
      0.5
    ],
    "mood_imagination": [
      0.8,
      0.9,
      0.8,
      0.75
    ],
    "sophistication": [
      0.8,
      0.8,
      0.8,
      0.7000000000000001
    ],
    "interpretation": [
      0.7000000000000001,
      0.65,
      0.75,
      0.6000000000000001
    ]
  }
}