{
  "exp_id": "F2_ridge",
  "overall_r2": 0.4930925378444942,
  "bootstrap": {
    "overall": {
      "r2": 0.4930925378444942,
      "ci_lower": 0.4682733439146883,
      "ci_median": 0.4923826075043574,
      "ci_upper": 0.5148374898607118
    },
    "per_dimension": {
      "timing": {
        "r2": 0.33430180023458456,
        "ci_lower": 0.28418778453281096,
        "ci_upper": 0.38153005361371445
      },
      "articulation_length": {
        "r2": 0.6563374840682914,
        "ci_lower": 0.6215322921320724,
        "ci_upper": 0.6876683826936973
      },
      "articulation_touch": {
        "r2": 0.5156751839165936,
        "ci_lower": 0.4659385304377466,
        "ci_upper": 0.5599343113010397
      },
      "pedal_amount": {
        "r2": 0.5544328356057694,
        "ci_lower": 0.5079415910704508,
        "ci_upper": 0.5957933497821645
      },
      "pedal_clarity": {
        "r2": 0.45327468752957445,
        "ci_lower": 0.4048855363372444,
        "ci_upper": 0.49713118438065124
      },
      "timbre_variety": {
        "r2": 0.4533788621632242,
        "ci_lower": 0.4002408511203423,
        "ci_upper": 0.49986927228324396
      },
      "timbre_depth": {
        "r2": 0.5570584648023067,
        "ci_lower": 0.5099464254472175,
        "ci_upper": 0.5993580567995758
      },
      "timbre_brightness": {
        "r2": 0.349650429820466,
        "ci_lower": 0.28816563469444884,
        "ci_upper": 0.4076951402248744
      },
      "timbre_loudness": {
        "r2": 0.5973685242670378,
        "ci_lower": 0.554591841013725,
        "ci_upper": 0.6367330933746352
      },
      "dynamic_range": {
        "r2": 0.5388038359918128,
        "ci_lower": 0.49171353217797004,
        "ci_upper": 0.5813852719670201
      },
      "tempo": {
        "r2": 0.35735935687972786,
        "ci_lower": 0.30022202356028926,
        "ci_upper": 0.40729383506130096
      },
      "space": {
        "r2": 0.6250836499390067,
        "ci_lower": 0.5825747328004024,
        "ci_upper": 0.6634134035874616
      },
      "balance": {
        "r2": 0.5080004395841442,
        "ci_lower": 0.45892347719718307,
        "ci_upper": 0.5509200956000527
      },
      "drama": {
        "r2": 0.42488357878923133,
        "ci_lower": 0.3695197803471879,
        "ci_upper": 0.4739788037022417
      },
      "mood_valence": {
        "r2": 0.4121338087722839,
        "ci_lower": 0.3604458281895233,
        "ci_upper": 0.4579797225853999
      },
      "mood_energy": {
        "r2": 0.47281073914241467,
        "ci_lower": 0.41638587270421906,
        "ci_upper": 0.5229098811009362
      },
      "mood_imagination": {
        "r2": 0.5246634454639951,
        "ci_lower": 0.4783006365526434,
        "ci_upper": 0.5676375625489477
      },
      "sophistication": {
        "r2": 0.5894978123141704,
        "ci_lower": 0.5467413647984307,
        "ci_upper": 0.6270332679844044
      },
      "interpretation": {
        "r2": 0.44404327976076097,
        "ci_lower": 0.3903111073376466,
        "ci_upper": 0.49250539129936094
      }
    }
  },
  "coefficients": {
    "timing": {
      "audio_coef": 0.9121701125863271,
      "symbolic_coef": 0.09784431241350947,
      "intercept": -0.0028296292334897832,
      "alpha": 0.01
    },
    "articulation_length": {
      "audio_coef": 0.7189203898181353,
      "symbolic_coef": 0.30730663347945947,
      "intercept": -0.011621183979061311,
      "alpha": 0.01
    },
    "articulation_touch": {
      "audio_coef": 0.6566297321510702,
      "symbolic_coef": 0.33857503399645933,
      "intercept": -0.00015251003819427567,
      "alpha": 0.1
    },
    "pedal_amount": {
      "audio_coef": 0.767400420765659,
      "symbolic_coef": 0.2580142584639476,
      "intercept": -0.012836451439232732,
      "alpha": 0.1
    },
    "pedal_clarity": {
      "audio_coef": 0.7893907366109986,
      "symbolic_coef": 0.22515164326230816,
      "intercept": -0.0059072096265032625,
      "alpha": 0.1
    },
    "timbre_variety": {
      "audio_coef": 0.7176070986281212,
      "symbolic_coef": 0.32602365583043397,
      "intercept": -0.020573200730631624,
      "alpha": 0.1
    },
    "timbre_depth": {
      "audio_coef": 0.7342366857938227,
      "symbolic_coef": 0.27068665248966384,
      "intercept": -0.001635389312940938,
      "alpha": 0.1
    },
    "timbre_brightness": {
      "audio_coef": 0.7062743937200665,
      "symbolic_coef": 0.21706918613921894,
      "intercept": 0.039480652792518445,
      "alpha": 0.1
    },
    "timbre_loudness": {
      "audio_coef": 0.9201106546003075,
      "symbolic_coef": 0.16081992544835128,
      "intercept": -0.04958779415633574,
      "alpha": 0.01
    },
    "dynamic_range": {
      "audio_coef": 0.7673652215130065,
      "symbolic_coef": 0.21034927588167449,
      "intercept": 0.008805012109040833,
      "alpha": 0.01
    },
    "tempo": {
      "audio_coef": 0.8069439837383408,
      "symbolic_coef": 0.26567240574313455,
      "intercept": -0.037792510519350175,
      "alpha": 0.01
    },
    "space": {
      "audio_coef": 0.7713247995550534,
      "symbolic_coef": 0.2528431665845669,
      "intercept": -0.013921549611751849,
      "alpha": 0.01
    },
    "balance": {
      "audio_coef": 0.7470622020583222,
      "symbolic_coef": 0.24438205690572176,
      "intercept": 0.00799550893735168,
      "alpha": 0.01
    },
    "drama": {
      "audio_coef": 0.6859235268402425,
      "symbolic_coef": 0.2730818990805775,
      "intercept": 0.025332633330669485,
      "alpha": 0.1
    },
    "mood_valence": {
      "audio_coef": 0.6883004761061863,
      "symbolic_coef": 0.35489093369510166,
      "intercept": -0.022780802565275704,
      "alpha": 0.1
    },
    "mood_energy": {
      "audio_coef": 0.573635580708618,
      "symbolic_coef": 0.43026555505356234,
      "intercept": -0.0016494920849974282,
      "alpha": 0.1
    },
    "mood_imagination": {
      "audio_coef": 0.8443093069482283,
      "symbolic_coef": 0.20658211337268784,
      "intercept": -0.031280255190227924,
      "alpha": 0.01
    },
    "sophistication": {
      "audio_coef": 0.7819633827622399,
      "symbolic_coef": 0.23761110622164694,
      "intercept": -0.009599285605838448,
      "alpha": 0.01
    },
    "interpretation": {
      "audio_coef": 0.6688509742443292,
      "symbolic_coef": 0.3162820928109185,
      "intercept": 0.008035774408020724,
      "alpha": 0.1
    }
  }
}