{
  "exp_id": "F3_confidence",
  "overall_r2": 0.497089082436764,
  "bootstrap": {
    "overall": {
      "r2": 0.497089082436764,
      "ci_lower": 0.4730244269346545,
      "ci_median": 0.4964028986367774,
      "ci_upper": 0.5186010486496224
    },
    "per_dimension": {
      "timing": {
        "r2": 0.33696482751876433,
        "ci_lower": 0.2907070142398674,
        "ci_upper": 0.38044736639472754
      },
      "articulation_length": {
        "r2": 0.6586960825182748,
        "ci_lower": 0.6244807983209061,
        "ci_upper": 0.6892049315479428
      },
      "articulation_touch": {
        "r2": 0.5257007215929534,
        "ci_lower": 0.4775665598125844,
        "ci_upper": 0.5679475758249749
      },
      "pedal_amount": {
        "r2": 0.5485116299810286,
        "ci_lower": 0.5024082891571804,
        "ci_upper": 0.5901343475894651
      },
      "pedal_clarity": {
        "r2": 0.45111538437894994,
        "ci_lower": 0.4038995812868483,
        "ci_upper": 0.4938435827331614
      },
      "timbre_variety": {
        "r2": 0.46534297455784024,
        "ci_lower": 0.41633175469336453,
        "ci_upper": 0.508318489387311
      },
      "timbre_depth": {
        "r2": 0.5524045522726058,
        "ci_lower": 0.5061704050454853,
        "ci_upper": 0.5940877020564392
      },
      "timbre_brightness": {
        "r2": 0.37917967346109294,
        "ci_lower": 0.3197440119156059,
        "ci_upper": 0.43450848522810814
      },
      "timbre_loudness": {
        "r2": 0.5846379259606342,
        "ci_lower": 0.5452514030761794,
        "ci_upper": 0.6213644456267771
      },
      "dynamic_range": {
        "r2": 0.5532679987714738,
        "ci_lower": 0.5077642535715721,
        "ci_upper": 0.593939300507586
      },
      "tempo": {
        "r2": 0.3566253591432933,
        "ci_lower": 0.303816720912785,
        "ci_upper": 0.4032793477031972
      },
      "space": {
        "r2": 0.6262721384602821,
        "ci_lower": 0.5852260599079119,
        "ci_upper": 0.6641203697229918
      },
      "balance": {
        "r2": 0.5045420232388527,
        "ci_lower": 0.4570672524343172,
        "ci_upper": 0.5460843160347073
      },
      "drama": {
        "r2": 0.427478803504482,
        "ci_lower": 0.37230559690233833,
        "ci_upper": 0.4767653847841202
      },
      "mood_valence": {
        "r2": 0.43115011053341845,
        "ci_lower": 0.383333542563184,
        "ci_upper": 0.4734086758832774
      },
      "mood_energy": {
        "r2": 0.48526337867155533,
        "ci_lower": 0.43129912521503083,
        "ci_upper": 0.5328448946411173
      },
      "mood_imagination": {
        "r2": 0.5189824599272532,
        "ci_lower": 0.4745532250765914,
        "ci_upper": 0.5600734173991739
      },
      "sophistication": {
        "r2": 0.5911121530854161,
        "ci_lower": 0.5501564746702484,
        "ci_upper": 0.627175477410544
      },
      "interpretation": {
        "r2": 0.4474443687203504,
        "ci_lower": 0.39485496980952317,
        "ci_upper": 0.4954946664367861
      }
    }
  },
  "weights": {
    "timing": 0.7422052811114283,
    "articulation_length": 0.5450543863430346,
    "articulation_touch": 0.5525875502673545,
    "pedal_amount": 0.5917090132321321,
    "pedal_clarity": 0.6503067436801296,
    "timbre_variety": 0.5922645403828555,
    "timbre_depth": 0.5771063715311744,
    "timbre_brightness": 0.6031111007958797,
    "timbre_loudness": 0.6094915820118036,
    "dynamic_range": 0.5843358288096161,
    "tempo": 0.618299358631371,
    "space": 0.5450391558837967,
    "balance": 0.5855425290693672,
    "drama": 0.578894452050308,
    "mood_valence": 0.5799918158188527,
    "mood_energy": 0.5244037458810871,
    "mood_imagination": 0.607692119278657,
    "sophistication": 0.5681761409145988,
    "interpretation": 0.5663273190973604
  }
}