{
  "exp_id": "F4_modality_dropout",
  "overall_r2": 0.43552088737487793,
  "bootstrap": {
    "overall": {
      "r2": 0.43552088737487793,
      "ci_lower": 0.4078792236745358,
      "ci_median": 0.4345863610506058,
      "ci_upper": 0.45990323945879935
    },
    "per_dimension": {
      "timing": {
        "r2": 0.23554611206054688,
        "ci_lower": 0.18681368082761765,
        "ci_upper": 0.27952527403831484
      },
      "articulation_length": {
        "r2": 0.6203473210334778,
        "ci_lower": 0.5789646834135056,
        "ci_upper": 0.6572252407670021
      },
      "articulation_touch": {
        "r2": 0.4787530303001404,
        "ci_lower": 0.4253420129418373,
        "ci_upper": 0.5264526143670082
      },
      "pedal_amount": {
        "r2": 0.5208913087844849,
        "ci_lower": 0.46934423595666885,
        "ci_upper": 0.5668731898069381
      },
      "pedal_clarity": {
        "r2": 0.4173707962036133,
        "ci_lower": 0.3628554821014404,
        "ci_upper": 0.4663349688053131
      },
      "timbre_variety": {
        "r2": 0.3799709677696228,
        "ci_lower": 0.3154830574989319,
        "ci_upper": 0.43687624484300613
      },
      "timbre_depth": {
        "r2": 0.49851250648498535,
        "ci_lower": 0.44164774417877195,
        "ci_upper": 0.5485150396823882
      },
      "timbre_brightness": {
        "r2": 0.3120839595794678,
        "ci_lower": 0.24145619720220565,
        "ci_upper": 0.3761061534285545
      },
      "timbre_loudness": {
        "r2": 0.5138585567474365,
        "ci_lower": 0.45989799946546556,
        "ci_upper": 0.5620033219456673
      },
      "dynamic_range": {
        "r2": 0.510747492313385,
        "ci_lower": 0.4578270897269249,
        "ci_upper": 0.5581099465489388
      },
      "tempo": {
        "r2": 0.21718263626098633,
        "ci_lower": 0.1540158823132515,
        "ci_upper": 0.2756557285785675
      },
      "space": {
        "r2": 0.5801436901092529,
        "ci_lower": 0.5319644987583161,
        "ci_upper": 0.6232481360435486
      },
      "balance": {
        "r2": 0.4455558657646179,
        "ci_lower": 0.3877392902970314,
        "ci_upper": 0.4996856048703194
      },
      "drama": {
        "r2": 0.3811511993408203,
        "ci_lower": 0.32135484665632247,
        "ci_upper": 0.4361506059765815
      },
      "mood_valence": {
        "r2": 0.35363203287124634,
        "ci_lower": 0.2907427191734314,
        "ci_upper": 0.40938478261232375
      },
      "mood_energy": {
        "r2": 0.41423457860946655,
        "ci_lower": 0.35228935480117796,
        "ci_upper": 0.46962937265634536
      },
      "mood_imagination": {
        "r2": 0.438320517539978,
        "ci_lower": 0.38373303413391113,
        "ci_upper": 0.4877116858959198
      },
      "sophistication": {
        "r2": 0.5494998693466187,
        "ci_lower": 0.4958747535943985,
        "ci_upper": 0.5966320663690567
      },
      "interpretation": {
        "r2": 0.40709394216537476,
        "ci_lower": 0.348025406897068,
        "ci_upper": 0.4596435248851776
      }
    }
  },
  "modality_dropout_p": 0.25
}