{
  "exp_id": "F5_orthogonality",
  "overall_r2": 0.4503759443759918,
  "bootstrap": {
    "overall": {
      "r2": 0.4503759443759918,
      "ci_lower": 0.42467105463147165,
      "ci_median": 0.4493871480226517,
      "ci_upper": 0.4733953014016151
    },
    "per_dimension": {
      "timing": {
        "r2": 0.2748261094093323,
        "ci_lower": 0.22727891355752944,
        "ci_upper": 0.3182844504714012
      },
      "articulation_length": {
        "r2": 0.6097292900085449,
        "ci_lower": 0.5700549721717835,
        "ci_upper": 0.6452842131257057
      },
      "articulation_touch": {
        "r2": 0.49500542879104614,
        "ci_lower": 0.4442534580826759,
        "ci_upper": 0.5404539600014686
      },
      "pedal_amount": {
        "r2": 0.5159575939178467,
        "ci_lower": 0.46605114042758944,
        "ci_upper": 0.5605484172701836
      },
      "pedal_clarity": {
        "r2": 0.4067087769508362,
        "ci_lower": 0.3547525182366371,
        "ci_upper": 0.4536934345960617
      },
      "timbre_variety": {
        "r2": 0.409589946269989,
        "ci_lower": 0.3531894236803055,
        "ci_upper": 0.4595693618059158
      },
      "timbre_depth": {
        "r2": 0.5196064710617065,
        "ci_lower": 0.4676627114415169,
        "ci_upper": 0.5662187024950981
      },
      "timbre_brightness": {
        "r2": 0.3272179961204529,
        "ci_lower": 0.2645048275589943,
        "ci_upper": 0.3853260114789009
      },
      "timbre_loudness": {
        "r2": 0.5365664958953857,
        "ci_lower": 0.48673289865255354,
        "ci_upper": 0.5809279814362526
      },
      "dynamic_range": {
        "r2": 0.518913745880127,
        "ci_lower": 0.46837573796510695,
        "ci_upper": 0.564465218782425
      },
      "tempo": {
        "r2": 0.2518694996833801,
        "ci_lower": 0.1916692450642586,
        "ci_upper": 0.30784831345081326
      },
      "space": {
        "r2": 0.587851881980896,
        "ci_lower": 0.5456248983740807,
        "ci_upper": 0.6261956274509429
      },
      "balance": {
        "r2": 0.46348512172698975,
        "ci_lower": 0.41157559007406236,
        "ci_upper": 0.5119509696960449
      },
      "drama": {
        "r2": 0.39387887716293335,
        "ci_lower": 0.3378214806318283,
        "ci_upper": 0.44471315741539
      },
      "mood_valence": {
        "r2": 0.3795984387397766,
        "ci_lower": 0.3219607934355736,
        "ci_upper": 0.4318735420703888
      },
      "mood_energy": {
        "r2": 0.42657119035720825,
        "ci_lower": 0.37004653811454774,
        "ci_upper": 0.4776035502552986
      },
      "mood_imagination": {
        "r2": 0.45802193880081177,
        "ci_lower": 0.406393526494503,
        "ci_upper": 0.505655488371849
      },
      "sophistication": {
        "r2": 0.5678609013557434,
        "ci_lower": 0.5203330084681511,
        "ci_upper": 0.6097214490175247
      },
      "interpretation": {
        "r2": 0.41388195753097534,
        "ci_lower": 0.3590638816356659,
        "ci_upper": 0.4635864362120628
      }
    }
  },
  "orthogonality_lambda": 0.1
}