{
  "exp_id": "F6_residual",
  "overall_r2": 0.4487340450286865,
  "bootstrap": {
    "overall": {
      "r2": 0.4487340450286865,
      "ci_lower": 0.421846142411232,
      "ci_median": 0.4476637840270996,
      "ci_upper": 0.4725037634372711
    },
    "per_dimension": {
      "timing": {
        "r2": 0.2859334349632263,
        "ci_lower": 0.23828573077917098,
        "ci_upper": 0.32955100387334824
      },
      "articulation_length": {
        "r2": 0.6075906753540039,
        "ci_lower": 0.5670721471309662,
        "ci_upper": 0.644565749168396
      },
      "articulation_touch": {
        "r2": 0.48162758350372314,
        "ci_lower": 0.42733237743377683,
        "ci_upper": 0.5301957666873932
      },
      "pedal_amount": {
        "r2": 0.5157970190048218,
        "ci_lower": 0.4656276285648346,
        "ci_upper": 0.56064393222332
      },
      "pedal_clarity": {
        "r2": 0.41372835636138916,
        "ci_lower": 0.36127409636974334,
        "ci_upper": 0.46123229712247843
      },
      "timbre_variety": {
        "r2": 0.4091463088989258,
        "ci_lower": 0.34904542863368987,
        "ci_upper": 0.4625723838806152
      },
      "timbre_depth": {
        "r2": 0.5128128528594971,
        "ci_lower": 0.4569522500038147,
        "ci_upper": 0.5626178503036499
      },
      "timbre_brightness": {
        "r2": 0.3197171688079834,
        "ci_lower": 0.25409155935049055,
        "ci_upper": 0.3804314166307449
      },
      "timbre_loudness": {
        "r2": 0.5321519374847412,
        "ci_lower": 0.4814544767141342,
        "ci_upper": 0.5784564524888992
      },
      "dynamic_range": {
        "r2": 0.5038455128669739,
        "ci_lower": 0.44699435532093046,
        "ci_upper": 0.554353405535221
      },
      "tempo": {
        "r2": 0.24742841720581055,
        "ci_lower": 0.18190896660089492,
        "ci_upper": 0.3082181736826896
      },
      "space": {
        "r2": 0.5881935358047485,
        "ci_lower": 0.5428346067667007,
        "ci_upper": 0.6283802434802055
      },
      "balance": {
        "r2": 0.4616551399230957,
        "ci_lower": 0.4056929096579552,
        "ci_upper": 0.5122287929058075
      },
      "drama": {
        "r2": 0.3968757390975952,
        "ci_lower": 0.338966366648674,
        "ci_upper": 0.44953910559415816
      },
      "mood_valence": {
        "r2": 0.38279664516448975,
        "ci_lower": 0.32166617512702944,
        "ci_upper": 0.4380914568901062
      },
      "mood_energy": {
        "r2": 0.42693787813186646,
        "ci_lower": 0.36740039139986036,
        "ci_upper": 0.4803536832332611
      },
      "mood_imagination": {
        "r2": 0.45554840564727783,
        "ci_lower": 0.40178095251321794,
        "ci_upper": 0.5054807931184768
      },
      "sophistication": {
        "r2": 0.5689090490341187,
        "ci_lower": 0.5199830681085587,
        "ci_upper": 0.6117928311228752
      },
      "interpretation": {
        "r2": 0.4152495265007019,
        "ci_lower": 0.35791479200124743,
        "ci_upper": 0.4682039082050323
      }
    }
  },
  "learned_residual_scale": 0.16390204429626465
}