{
  "exp_id": "F7_dim_weighted",
  "overall_r2": 0.44942745566368103,
  "bootstrap": {
    "overall": {
      "r2": 0.44942745566368103,
      "ci_lower": 0.42371756583452225,
      "ci_median": 0.44846320152282715,
      "ci_upper": 0.4724013343453407
    },
    "per_dimension": {
      "timing": {
        "r2": 0.24844878911972046,
        "ci_lower": 0.19977708607912065,
        "ci_upper": 0.29222737699747087
      },
      "articulation_length": {
        "r2": 0.6193878650665283,
        "ci_lower": 0.5800059825181961,
        "ci_upper": 0.6545708537101745
      },
      "articulation_touch": {
        "r2": 0.49381232261657715,
        "ci_lower": 0.44315240532159805,
        "ci_upper": 0.5391523391008377
      },
      "pedal_amount": {
        "r2": 0.5269476771354675,
        "ci_lower": 0.47744994014501574,
        "ci_upper": 0.5714529260993004
      },
      "pedal_clarity": {
        "r2": 0.4125526547431946,
        "ci_lower": 0.3606820672750473,
        "ci_upper": 0.4601688042283058
      },
      "timbre_variety": {
        "r2": 0.4058648943901062,
        "ci_lower": 0.3473135203123093,
        "ci_upper": 0.45777122527360914
      },
      "timbre_depth": {
        "r2": 0.5276493430137634,
        "ci_lower": 0.47503081113100054,
        "ci_upper": 0.5744610533118247
      },
      "timbre_brightness": {
        "r2": 0.31668365001678467,
        "ci_lower": 0.25204860270023344,
        "ci_upper": 0.37654218077659607
      },
      "timbre_loudness": {
        "r2": 0.5370469093322754,
        "ci_lower": 0.48806671649217603,
        "ci_upper": 0.581282326579094
      },
      "dynamic_range": {
        "r2": 0.5194277763366699,
        "ci_lower": 0.46774509102106093,
        "ci_upper": 0.5657458513975143
      },
      "tempo": {
        "r2": 0.22127634286880493,
        "ci_lower": 0.16071199923753737,
        "ci_upper": 0.2764075383543968
      },
      "space": {
        "r2": 0.5878934860229492,
        "ci_lower": 0.5443440064787864,
        "ci_upper": 0.6265604570508003
      },
      "balance": {
        "r2": 0.4685981273651123,
        "ci_lower": 0.41526727080345155,
        "ci_upper": 0.5177272498607636
      },
      "drama": {
        "r2": 0.40373295545578003,
        "ci_lower": 0.3474112138152122,
        "ci_upper": 0.4553368791937828
      },
      "mood_valence": {
        "r2": 0.37953048944473267,
        "ci_lower": 0.3239057660102844,
        "ci_upper": 0.4300680637359619
      },
      "mood_energy": {
        "r2": 0.41865891218185425,
        "ci_lower": 0.3611519068479538,
        "ci_upper": 0.4708584889769554
      },
      "mood_imagination": {
        "r2": 0.45101624727249146,
        "ci_lower": 0.400613833963871,
        "ci_upper": 0.49746926277875897
      },
      "sophistication": {
        "r2": 0.5784511566162109,
        "ci_lower": 0.5309885248541832,
        "ci_upper": 0.6198284193873406
      },
      "interpretation": {
        "r2": 0.42213982343673706,
        "ci_lower": 0.3674392238259315,
        "ci_upper": 0.47257257401943203
      }
    }
  },
  "learned_audio_weights": {
    "timing": 0.5814841389656067,
    "articulation_length": 0.5315145254135132,
    "articulation_touch": 0.5152897834777832,
    "pedal_amount": 0.5835538506507874,
    "pedal_clarity": 0.5999464988708496,
    "timbre_variety": 0.5311865210533142,
    "timbre_depth": 0.5303534865379333,
    "timbre_brightness": 0.5761444568634033,
    "timbre_loudness": 0.5848448872566223,
    "dynamic_range": 0.5574116706848145,
    "tempo": 0.5560064911842346,
    "space": 0.5227674841880798,
    "balance": 0.5360568761825562,
    "drama": 0.5130983591079712,
    "mood_valence": 0.52241051197052,
    "mood_energy": 0.5511745810508728,
    "mood_imagination": 0.5491675138473511,
    "sophistication": 0.5351332426071167,
    "interpretation": 0.5184390544891357
  }
}