{
  "exp_id": "S0_bootstrap",
  "audio": {
    "overall": {
      "r2": 0.48672376733507433,
      "ci_lower": 0.45999781891386793,
      "ci_median": 0.48603096668775103,
      "ci_upper": 0.5101272791706957
    },
    "per_dimension": {
      "timing": {
        "r2": 0.34307048197347667,
        "ci_lower": 0.2895665999990632,
        "ci_upper": 0.3929168152345163
      },
      "articulation_length": {
        "r2": 0.6455586695063774,
        "ci_lower": 0.6082787081950649,
        "ci_upper": 0.6788137910511313
      },
      "articulation_touch": {
        "r2": 0.5004877742803882,
        "ci_lower": 0.44592159855567687,
        "ci_upper": 0.5495883887025244
      },
      "pedal_amount": {
        "r2": 0.5407613001717061,
        "ci_lower": 0.4941652623967462,
        "ci_upper": 0.5827379408763157
      },
      "pedal_clarity": {
        "r2": 0.44264576126721866,
        "ci_lower": 0.3915313284794504,
        "ci_upper": 0.48921084182930474
      },
      "timbre_variety": {
        "r2": 0.4465165088181158,
        "ci_lower": 0.389398068696355,
        "ci_upper": 0.49690583460111226
      },
      "timbre_depth": {
        "r2": 0.5415243885022596,
        "ci_lower": 0.48908158707871263,
        "ci_upper": 0.5878312690186065
      },
      "timbre_brightness": {
        "r2": 0.36816069285355846,
        "ci_lower": 0.3019285648729158,
        "ci_upper": 0.4304577794355083
      },
      "timbre_loudness": {
        "r2": 0.6029678811833123,
        "ci_lower": 0.5630546207599547,
        "ci_upper": 0.6399300070446515
      },
      "dynamic_range": {
        "r2": 0.5511172243914733,
        "ci_lower": 0.5015968355029454,
        "ci_upper": 0.5954563528025681
      },
      "tempo": {
        "r2": 0.3520679661236704,
        "ci_lower": 0.29235904363139054,
        "ci_upper": 0.4041805036353822
      },
      "space": {
        "r2": 0.6233174113799839,
        "ci_lower": 0.5806489859632258,
        "ci_upper": 0.6614220906749287
      },
      "balance": {
        "r2": 0.49672396847253786,
        "ci_lower": 0.4418244358077841,
        "ci_upper": 0.5445504644839314
      },
      "drama": {
        "r2": 0.4100753508413555,
        "ci_lower": 0.34753429380807055,
        "ci_upper": 0.4659247762670111
      },
      "mood_valence": {
        "r2": 0.408291229311056,
        "ci_lower": 0.34799551081780994,
        "ci_upper": 0.461670527313891
      },
      "mood_energy": {
        "r2": 0.43797421460787067,
        "ci_lower": 0.3705322363502516,
        "ci_upper": 0.49797703649270564
      },
      "mood_imagination": {
        "r2": 0.5233206676343092,
        "ci_lower": 0.47694011733046066,
        "ci_upper": 0.5650260134939076
      },
      "sophistication": {
        "r2": 0.5901592608404775,
        "ci_lower": 0.5452488801476086,
        "ci_upper": 0.6297231556565573
      },
      "interpretation": {
        "r2": 0.42301082720726746,
        "ci_lower": 0.35915970586002466,
        "ci_upper": 0.47959111367951235
      }
    }
  },
  "symbolic": {
    "overall": {
      "r2": 0.3468399337134311,
      "ci_lower": 0.3149267715718908,
      "ci_median": 0.34592102690041593,
      "ci_upper": 0.37524760783812083
    },
    "per_dimension": {
      "timing": {
        "r2": 0.1191607676313321,
        "ci_lower": 0.06464211604466727,
        "ci_upper": 0.169974099143041
      },
      "articulation_length": {
        "r2": 0.5388344483751577,
        "ci_lower": 0.4880424413578771,
        "ci_upper": 0.5845476951413697
      },
      "articulation_touch": {
        "r2": 0.4052289189610089,
        "ci_lower": 0.3447952622523768,
        "ci_upper": 0.45817692137881216
      },
      "pedal_amount": {
        "r2": 0.373136041531404,
        "ci_lower": 0.3098865692288143,
        "ci_upper": 0.43006284630713754
      },
      "pedal_clarity": {
        "r2": 0.2380264892759466,
        "ci_lower": 0.17703713560963574,
        "ci_upper": 0.29421633417939236
      },
      "timbre_variety": {
        "r2": 0.30739744761566,
        "ci_lower": 0.24670418785434445,
        "ci_upper": 0.36064354767438955
      },
      "timbre_depth": {
        "r2": 0.3968197529675831,
        "ci_lower": 0.33728611781874734,
        "ci_upper": 0.45104099681645227
      },
      "timbre_brightness": {
        "r2": 0.24227523899484205,
        "ci_lower": 0.16828851428497188,
        "ci_upper": 0.31060600565791097
      },
      "timbre_loudness": {
        "r2": 0.38632859621531923,
        "ci_lower": 0.3257297273929632,
        "ci_upper": 0.44351848829579477
      },
      "dynamic_range": {
        "r2": 0.3920342843408038,
        "ci_lower": 0.3284637961173731,
        "ci_upper": 0.44924833627120936
      },
      "tempo": {
        "r2": 0.21734546610112204,
        "ci_lower": 0.15356187718447073,
        "ci_upper": 0.2780293120405728
      },
      "space": {
        "r2": 0.52030208678041,
        "ci_lower": 0.46587044370257447,
        "ci_upper": 0.5689330695498938
      },
      "balance": {
        "r2": 0.3515900957621838,
        "ci_lower": 0.29277642453193264,
        "ci_upper": 0.405299790753881
      },
      "drama": {
        "r2": 0.29830135513677325,
        "ci_lower": 0.2375970061613615,
        "ci_upper": 0.35439497521164093
      },
      "mood_valence": {
        "r2": 0.2956690893956795,
        "ci_lower": 0.2417537506825639,
        "ci_upper": 0.3461802852119662
      },
      "mood_energy": {
        "r2": 0.3972109128895739,
        "ci_lower": 0.3355658954039558,
        "ci_upper": 0.45212741942255413
      },
      "mood_imagination": {
        "r2": 0.3378401816763259,
        "ci_lower": 0.27176871027861066,
        "ci_upper": 0.3970267916068824
      },
      "sophistication": {
        "r2": 0.4485314068259455,
        "ci_lower": 0.3941117868396234,
        "ci_upper": 0.497265294460978
      },
      "interpretation": {
        "r2": 0.3239261600781228,
        "ci_lower": 0.26481663217488055,
        "ci_upper": 0.3790253645708832
      }
    }
  },
  "n_bootstrap": 10000
}