{
  "exp_id": "S2_multiple_correction",
  "bonferroni": {
    "corrected_p": [
      1.584406625672569e-10,
      1.8808297190206486e-05,
      0.004329667396502855,
      4.616889400989214e-09,
      7.446714888855284e-12,
      1.489674367928939e-05,
      4.5786291523173533e-07,
      0.00247117388172686,
      1.0220617934907343e-15,
      1.7344109684507925e-06,
      0.0004877163794706704,
      1.230536184628498e-06,
      7.0205875595565325e-06,
      0.0007674724037959776,
      0.004889371141423319,
      1.0,
      9.177047408823469e-10,
      1.5405924454524517e-07,
      0.009816000140096152
    ],
    "significant": [
      true,
      true,
      true,
      true,
      true,
      true,
      true,
      true,
      true,
      true,
      true,
      true,
      true,
      true,
      true,
      false,
      true,
      true,
      true
    ]
  },
  "fdr": {
    "corrected_p": [
      5.281355418908563e-11,
      1.5673580991838739e-06,
      0.0002706042122814284,
      9.233778801978428e-10,
      3.723357444427642e-12,
      1.3542494253899447e-06,
      6.54089878902479e-08,
      0.00016474492544845735,
      1.0220617934907343e-15,
      1.9271232982786582e-07,
      3.7516644574666955e-05,
      1.5381702307856224e-07,
      7.020587559556533e-07,
      5.48194574139984e-05,
      0.0002876100671425482,
      0.18057417453808436,
      2.2942618522058673e-10,
      2.567654075754086e-08,
      0.0005453333411164529
    ],
    "significant": [
      true,
      true,
      true,
      true,
      true,
      true,
      true,
      true,
      true,
      true,
      true,
      true,
      true,
      true,
      true,
      false,
      true,
      true,
      true
    ]
  }
}