{
  "mean_of_means_ms": 124582.62870933741,
  "std_of_means_ms": 89079.2659623326,
  "mean_of_medians_ms": 122715.23963091506,
  "mean_percent_within_threshold": 0.23846855363229064,
  "weighted_mean_error_ms": 168251.2564294995,
  "weighted_percent_within_threshold": 0.1478904000942205,
  "num_performances": 212,
  "total_notes": 670767
}