{
  "experiment_id": "A1_linear_probe",
  "description": "Linear probe on MERT",
  "config": {
    "input_dim": 1024,
    "hidden_dim": 512,
    "num_labels": 19,
    "dropout": 0.2,
    "learning_rate": 0.0001,
    "weight_decay": 1e-05,
    "gradient_clip_val": 1.0,
    "batch_size": 64,
    "max_epochs": 200,
    "patience": 15,
    "max_frames": 1000,
    "n_folds": 4,
    "num_workers": 2,
    "seed": 42
  },
  "summary": {
    "avg_r2": 0.17454838752746582,
    "std_r2": 0.00919981300830841,
    "r2_ci_95": [
      0.10798695646226406,
      0.18193249590694904
    ],
    "overall_r2": 0.14911893010139465,
    "overall_mae": 0.08718757331371307,
    "dispersion_ratio": 0.8433388471603394
  },
  "fold_results": {
    "2": 0.18374820053577423,
    "3": 0.1653485745191574
  },
  "per_dimension": {
    "timing": {
      "r2": 0.05977070331573486,
      "mae": 0.10716643929481506,
      "pearson": 0.42973020672798157,
      "p_value": 1.467898592522037e-46,
      "label_mean": 0.4930649995803833,
      "label_std": 0.1385713815689087,
      "pred_mean": 0.4834379255771637,
      "pred_std": 0.1075650155544281
    },
    "articulation_length": {
      "r2": 0.3753262758255005,
      "mae": 0.0780911073088646,
      "pearson": 0.6437122821807861,
      "p_value": 5.09847518197187e-119,
      "label_mean": 0.5470980405807495,
      "label_std": 0.1266971379518509,
      "pred_mean": 0.5550764799118042,
      "pred_std": 0.10528431832790375
    },
    "articulation_touch": {
      "r2": 0.2508200407028198,
      "mae": 0.081380695104599,
      "pearson": 0.6041889786720276,
      "p_value": 2.5036567416577598e-101,
      "label_mean": 0.5581113696098328,
      "label_std": 0.12256564944982529,
      "pred_mean": 0.5548062920570374,
      "pred_std": 0.11534435302019119
    },
    "pedal_amount": {
      "r2": 0.3566349148750305,
      "mae": 0.11372258514165878,
      "pearson": 0.620793342590332,
      "p_value": 1.881530097678669e-108,
      "label_mean": 0.6141148209571838,
      "label_std": 0.17622733116149902,
      "pred_mean": 0.6171015501022339,
      "pred_std": 0.13913166522979736
    },
    "pedal_clarity": {
      "r2": 0.21485352516174316,
      "mae": 0.11335279792547226,
      "pearson": 0.5364308953285217,
      "p_value": 3.480321810948286e-76,
      "label_mean": 0.5236351490020752,
      "label_std": 0.16356857120990753,
      "pred_mean": 0.534174382686615,
      "pred_std": 0.130632221698761
    },
    "timbre_variety": {
      "r2": 0.17546963691711426,
      "mae": 0.08519729226827621,
      "pearson": 0.5302441120147705,
      "p_value": 3.6419685168681864e-74,
      "label_mean": 0.5327844023704529,
      "label_std": 0.11803743243217468,
      "pred_mean": 0.5395379662513733,
      "pred_std": 0.10036352276802063
    },
    "timbre_depth": {
      "r2": 0.17024290561676025,
      "mae": 0.09193779528141022,
      "pearson": 0.53114914894104,
      "p_value": 1.8556101765957647e-74,
      "label_mean": 0.5887712836265564,
      "label_std": 0.12851819396018982,
      "pred_mean": 0.5797781944274902,
      "pred_std": 0.1102977991104126
    },
    "timbre_brightness": {
      "r2": 0.054525911808013916,
      "mae": 0.07466591149568558,
      "pearson": 0.4575633108615875,
      "p_value": 2.634201919262462e-53,
      "label_mean": 0.49643880128860474,
      "label_std": 0.10179990530014038,
      "pred_mean": 0.49054574966430664,
      "pred_std": 0.08620182424783707
    },
    "timbre_loudness": {
      "r2": 0.38582777976989746,
      "mae": 0.07655953615903854,
      "pearson": 0.6549115777015686,
      "p_value": 1.6088507698280876e-124,
      "label_mean": 0.5870792269706726,
      "label_std": 0.1271744668483734,
      "pred_mean": 0.5766261219978333,
      "pred_std": 0.10752657055854797
    },
    "dynamic_range": {
      "r2": 0.16934102773666382,
      "mae": 0.09179980307817459,
      "pearson": 0.5104755163192749,
      "p_value": 5.521569351394863e-68,
      "label_mean": 0.5318654775619507,
      "label_std": 0.12905772030353546,
      "pred_mean": 0.5430755615234375,
      "pred_std": 0.10321832448244095
    },
    "tempo": {
      "r2": -0.07987260818481445,
      "mae": 0.08230262249708176,
      "pearson": 0.36274299025535583,
      "p_value": 1.0437702900082186e-32,
      "label_mean": 0.5356393456459045,
      "label_std": 0.1047235056757927,
      "pred_mean": 0.533672571182251,
      "pred_std": 0.08610384911298752
    },
    "space": {
      "r2": 0.3275355100631714,
      "mae": 0.07513538002967834,
      "pearson": 0.6094080209732056,
      "p_value": 1.602537488470304e-103,
      "label_mean": 0.5141614675521851,
      "label_std": 0.11827942728996277,
      "pred_mean": 0.514580249786377,
      "pred_std": 0.09684297442436218
    },
    "balance": {
      "r2": 0.12256377935409546,
      "mae": 0.08323895186185837,
      "pearson": 0.4941376745700836,
      "p_value": 3.565457947588731e-63,
      "label_mean": 0.5564071536064148,
      "label_std": 0.11423359811306,
      "pred_mean": 0.5488135814666748,
      "pred_std": 0.09555268287658691
    },
    "drama": {
      "r2": -0.09954273700714111,
      "mae": 0.09194644540548325,
      "pearson": 0.3864765167236328,
      "p_value": 2.9653464061802103e-37,
      "label_mean": 0.6020606160163879,
      "label_std": 0.11095958203077316,
      "pred_mean": 0.6053813099861145,
      "pred_std": 0.09814193844795227
    },
    "mood_valence": {
      "r2": 0.019903123378753662,
      "mae": 0.08985333889722824,
      "pearson": 0.42336007952690125,
      "p_value": 4.2098532233130495e-45,
      "label_mean": 0.5858106017112732,
      "label_std": 0.11642269045114517,
      "pred_mean": 0.5771264433860779,
      "pred_std": 0.09494169056415558
    },
    "mood_energy": {
      "r2": -0.028281092643737793,
      "mae": 0.07919222116470337,
      "pearson": 0.46106404066085815,
      "p_value": 3.365125964878556e-54,
      "label_mean": 0.5079275965690613,
      "label_std": 0.1045684963464737,
      "pred_mean": 0.5096992254257202,
      "pred_std": 0.09950191527605057
    },
    "mood_imagination": {
      "r2": 0.23019558191299438,
      "mae": 0.06767898052930832,
      "pearson": 0.5950868129730225,
      "p_value": 1.3450301935771903e-97,
      "label_mean": 0.6036293506622314,
      "label_std": 0.1026504784822464,
      "pred_mean": 0.611775279045105,
      "pred_std": 0.09629299491643906
    },
    "sophistication": {
      "r2": 0.14704859256744385,
      "mae": 0.0818399116396904,
      "pearson": 0.5190533399581909,
      "p_value": 1.28866156274419e-70,
      "label_mean": 0.5428282618522644,
      "label_std": 0.1194576546549797,
      "pred_mean": 0.5361717343330383,
      "pred_std": 0.1032588854432106
    },
    "interpretation": {
      "r2": -0.019102811813354492,
      "mae": 0.09150221943855286,
      "pearson": 0.40589070320129395,
      "p_value": 2.9132240357445887e-41,
      "label_mean": 0.5574190020561218,
      "label_std": 0.11815015226602554,
      "pred_mean": 0.5579767227172852,
      "pred_std": 0.09861309826374054
    }
  },
  "training_time_seconds": 2810.8557209968567
}