{
  "experiment_id": "A2_mel_cnn",
  "description": "4-layer CNN on mel spectrograms",
  "summary": {
    "avg_r2": 0.19134432636201382,
    "std_r2": 0.047489938384884384,
    "r2_ci_95": [
      0.20178032629191875,
      0.2519729413092136
    ],
    "overall_r2": 0.22800995409488678,
    "overall_mae": 0.08542440831661224,
    "dispersion_ratio": 0.49797433614730835
  },
  "fold_results": {
    "0": 0.11843790858983994,
    "1": 0.18042385578155518,
    "2": 0.23930346965789795,
    "3": 0.2272120714187622
  },
  "per_dimension": {
    "timing": {
      "r2": 0.05879974365234375,
      "mae": 0.10968270152807236,
      "pearson": 0.24781212210655212,
      "p_value": 1.4297042371812818e-15,
      "label_mean": 0.4930649995803833,
      "label_std": 0.1385713815689087,
      "pred_mean": 0.49947285652160645,
      "pred_std": 0.03735266998410225
    },
    "articulation_length": {
      "r2": 0.44801974296569824,
      "mae": 0.07454227656126022,
      "pearson": 0.6860297918319702,
      "p_value": 4.0908217179648454e-141,
      "label_mean": 0.5470980405807495,
      "label_std": 0.1266971379518509,
      "pred_mean": 0.5660781860351562,
      "pred_std": 0.08859375864267349
    },
    "articulation_touch": {
      "r2": 0.3668532371520996,
      "mae": 0.0770142450928688,
      "pearson": 0.6219927072525024,
      "p_value": 5.53672341610565e-109,
      "label_mean": 0.5581113696098328,
      "label_std": 0.12256564944982529,
      "pred_mean": 0.5407746434211731,
      "pred_std": 0.0766952857375145
    },
    "pedal_amount": {
      "r2": 0.270710825920105,
      "mae": 0.1225406676530838,
      "pearson": 0.5260576009750366,
      "p_value": 8.026291226167697e-73,
      "label_mean": 0.6141148209571838,
      "label_std": 0.17622733116149902,
      "pred_mean": 0.6275597810745239,
      "pred_std": 0.09522969275712967
    },
    "pedal_clarity": {
      "r2": 0.12554699182510376,
      "mae": 0.1275637298822403,
      "pearson": 0.3598371744155884,
      "p_value": 3.5447816412767e-32,
      "label_mean": 0.5236351490020752,
      "label_std": 0.16356857120990753,
      "pred_mean": 0.5330357551574707,
      "pred_std": 0.06297257542610168
    },
    "timbre_variety": {
      "r2": 0.16883856058120728,
      "mae": 0.08648368716239929,
      "pearson": 0.4169890284538269,
      "p_value": 1.1248876069886653e-43,
      "label_mean": 0.5327844023704529,
      "label_std": 0.11803743243217468,
      "pred_mean": 0.5404860377311707,
      "pred_std": 0.04591504484415054
    },
    "timbre_depth": {
      "r2": 0.28343212604522705,
      "mae": 0.08488502353429794,
      "pearson": 0.541211724281311,
      "p_value": 8.950832498183781e-78,
      "label_mean": 0.5887712836265564,
      "label_std": 0.12851819396018982,
      "pred_mean": 0.601125955581665,
      "pred_std": 0.07153302431106567
    },
    "timbre_brightness": {
      "r2": -0.07172667980194092,
      "mae": 0.08220616728067398,
      "pearson": 0.07269644737243652,
      "p_value": 0.020986266787643214,
      "label_mean": 0.49643880128860474,
      "label_std": 0.10179990530014038,
      "pred_mean": 0.505122184753418,
      "pred_std": 0.03428330272436142
    },
    "timbre_loudness": {
      "r2": 0.283186674118042,
      "mae": 0.08877478539943695,
      "pearson": 0.5544018745422363,
      "p_value": 2.6952319794766287e-82,
      "label_mean": 0.5870792269706726,
      "label_std": 0.1271744668483734,
      "pred_mean": 0.5676632523536682,
      "pred_std": 0.07424841821193695
    },
    "dynamic_range": {
      "r2": 0.36349624395370483,
      "mae": 0.07875587791204453,
      "pearson": 0.6195050477981567,
      "p_value": 6.959782528915795e-108,
      "label_mean": 0.5318654775619507,
      "label_std": 0.12905772030353546,
      "pred_mean": 0.5134820938110352,
      "pred_std": 0.08000678569078445
    },
    "tempo": {
      "r2": 0.11196643114089966,
      "mae": 0.07661567628383636,
      "pearson": 0.3378894627094269,
      "p_value": 2.431650042879897e-28,
      "label_mean": 0.5356393456459045,
      "label_std": 0.1047235056757927,
      "pred_mean": 0.5392701625823975,
      "pred_std": 0.032072026282548904
    },
    "space": {
      "r2": 0.28763121366500854,
      "mae": 0.07817048579454422,
      "pearson": 0.5574877858161926,
      "p_value": 2.2048264709395627e-83,
      "label_mean": 0.5141614675521851,
      "label_std": 0.11827942728996277,
      "pred_mean": 0.5319246053695679,
      "pred_std": 0.06885506212711334
    },
    "balance": {
      "r2": 0.28238868713378906,
      "mae": 0.07421345263719559,
      "pearson": 0.5422329902648926,
      "p_value": 4.063891307687124e-78,
      "label_mean": 0.5564071536064148,
      "label_std": 0.11423359811306,
      "pred_mean": 0.5687249898910522,
      "pred_std": 0.062023162841796875
    },
    "drama": {
      "r2": 0.24252849817276,
      "mae": 0.07364192605018616,
      "pearson": 0.4998384714126587,
      "p_value": 8.00331708687061e-65,
      "label_mean": 0.6020606160163879,
      "label_std": 0.11095958203077316,
      "pred_mean": 0.6105482578277588,
      "pred_std": 0.0596998929977417
    },
    "mood_valence": {
      "r2": 0.14182454347610474,
      "mae": 0.08551496267318726,
      "pearson": 0.3780668377876282,
      "p_value": 1.3380430731002574e-35,
      "label_mean": 0.5858106017112732,
      "label_std": 0.11642269045114517,
      "pred_mean": 0.5896714925765991,
      "pred_std": 0.04364187270402908
    },
    "mood_energy": {
      "r2": 0.050740957260131836,
      "mae": 0.0825335904955864,
      "pearson": 0.26551052927970886,
      "p_value": 1.0031453323687118e-17,
      "label_mean": 0.5079275965690613,
      "label_std": 0.1045684963464737,
      "pred_mean": 0.516636073589325,
      "pred_std": 0.039603471755981445
    },
    "mood_imagination": {
      "r2": 0.3353677988052368,
      "mae": 0.06705638021230698,
      "pearson": 0.5969692468643188,
      "p_value": 2.328521410326834e-98,
      "label_mean": 0.6036293506622314,
      "label_std": 0.1026504784822464,
      "pred_mean": 0.5887528657913208,
      "pred_std": 0.06140860915184021
    },
    "sophistication": {
      "r2": 0.3451946973800659,
      "mae": 0.07438310980796814,
      "pearson": 0.5986807942390442,
      "p_value": 4.679508665978047e-99,
      "label_mean": 0.5428282618522644,
      "label_std": 0.1194576546549797,
      "pred_mean": 0.5565226674079895,
      "pred_std": 0.07259862869977951
    },
    "interpretation": {
      "r2": 0.23738408088684082,
      "mae": 0.07848497480154037,
      "pearson": 0.4967673420906067,
      "p_value": 6.24337628572731e-64,
      "label_mean": 0.5574190020561218,
      "label_std": 0.11815015226602554,
      "pred_mean": 0.5688511729240417,
      "pred_std": 0.05935497581958771
    }
  },
  "training_time_seconds": 975.2648105621338
}