{
  "experiment_id": "A3_raw_stats",
  "description": "MLP on audio statistics (49-dim)",
  "summary": {
    "avg_r2": -12.615740140279135,
    "std_r2": 0.6188799694403403,
    "r2_ci_95": [
      -13.610786771774292,
      -12.37704894542694
    ],
    "overall_r2": -12.957754135131836,
    "overall_mae": 0.42831656336784363,
    "dispersion_ratio": 1.1427052021026611
  },
  "fold_results": {
    "1": -13.477858543395996,
    "2": -12.315381050109863,
    "3": -12.053980827331543
  },
  "per_dimension": {
    "timing": {
      "r2": -11.326247215270996,
      "mae": 0.4598183333873749,
      "pearson": 0.0018375888466835022,
      "p_value": 0.9535335589759654,
      "label_mean": 0.4930649995803833,
      "label_std": 0.1385713815689087,
      "pred_mean": 0.21149274706840515,
      "pred_std": 0.3720127046108246
    },
    "articulation_length": {
      "r2": -11.824485778808594,
      "mae": 0.43115153908729553,
      "pearson": 0.1221606582403183,
      "p_value": 0.00010097380131741368,
      "label_mean": 0.5470980405807495,
      "label_std": 0.1266971379518509,
      "pred_mean": 0.9518662095069885,
      "pred_std": 0.17737525701522827
    },
    "articulation_touch": {
      "r2": -12.998346328735352,
      "mae": 0.4418886601924896,
      "pearson": -0.01824290119111538,
      "p_value": 0.5629094838077437,
      "label_mean": 0.5581113696098328,
      "label_std": 0.12256564944982529,
      "pred_mean": 1.0,
      "pred_std": 8.395853257070485e-08
    },
    "pedal_amount": {
      "r2": -4.794789791107178,
      "mae": 0.3858851492404938,
      "pearson": NaN,
      "p_value": NaN,
      "label_mean": 0.6141148805618286,
      "label_std": 0.17622733116149902,
      "pred_mean": 1.0,
      "pred_std": 0.0
    },
    "pedal_clarity": {
      "r2": -8.865107536315918,
      "mae": 0.4866139888763428,
      "pearson": 0.012808069586753845,
      "p_value": 0.6846278516549308,
      "label_mean": 0.5236351490020752,
      "label_std": 0.16356857120990753,
      "pred_mean": 0.7429972290992737,
      "pred_std": 0.43691426515579224
    },
    "timbre_variety": {
      "r2": -14.213691711425781,
      "mae": 0.4374944865703583,
      "pearson": -0.03535478189587593,
      "p_value": 0.2621023935515778,
      "label_mean": 0.5327844023704529,
      "label_std": 0.11803743243217468,
      "pred_mean": 0.9416376352310181,
      "pred_std": 0.17159241437911987
    },
    "timbre_depth": {
      "r2": -10.23852825164795,
      "mae": 0.4112286865711212,
      "pearson": NaN,
      "p_value": NaN,
      "label_mean": 0.5887712836265564,
      "label_std": 0.12851819396018982,
      "pred_mean": 1.0,
      "pred_std": 0.0
    },
    "timbre_brightness": {
      "r2": -19.788074493408203,
      "mae": 0.4443213939666748,
      "pearson": 0.26075097918510437,
      "p_value": 3.952590910296276e-17,
      "label_mean": 0.49643877148628235,
      "label_std": 0.10179990530014038,
      "pred_mean": 0.7464910745620728,
      "pred_std": 0.40502384305000305
    },
    "timbre_loudness": {
      "r2": -10.542257308959961,
      "mae": 0.412920743227005,
      "pearson": NaN,
      "p_value": NaN,
      "label_mean": 0.5870792269706726,
      "label_std": 0.1271744668483734,
      "pred_mean": 1.0,
      "pred_std": 0.0
    },
    "dynamic_range": {
      "r2": -12.934020042419434,
      "mae": 0.46355363726615906,
      "pearson": 0.04692787677049637,
      "p_value": 0.13651707511479036,
      "label_mean": 0.5318655371665955,
      "label_std": 0.12905772030353546,
      "pred_mean": 0.9872012734413147,
      "pred_std": 0.09624352306127548
    },
    "tempo": {
      "r2": -16.803234100341797,
      "mae": 0.41729941964149475,
      "pearson": 0.04400458559393883,
      "p_value": 0.1627011824184704,
      "label_mean": 0.5356393456459045,
      "label_std": 0.1047235056757927,
      "pred_mean": 0.9423047304153442,
      "pred_std": 0.14217929542064667
    },
    "space": {
      "r2": -11.051556587219238,
      "mae": 0.38400280475616455,
      "pearson": 0.38305550813674927,
      "p_value": 1.415535617413567e-36,
      "label_mean": 0.5141614079475403,
      "label_std": 0.11827942728996277,
      "pred_mean": 0.5343554615974426,
      "pred_std": 0.44060051441192627
    },
    "balance": {
      "r2": -15.078323364257812,
      "mae": 0.4435795843601227,
      "pearson": 0.10775110125541687,
      "p_value": 0.0006108991052486422,
      "label_mean": 0.5564071536064148,
      "label_std": 0.11423359811306,
      "pred_mean": 0.9999867081642151,
      "pred_std": 4.298928251955658e-05
    },
    "drama": {
      "r2": -12.861875534057617,
      "mae": 0.39793938398361206,
      "pearson": NaN,
      "p_value": NaN,
      "label_mean": 0.6020606160163879,
      "label_std": 0.11095958203077316,
      "pred_mean": 1.0,
      "pred_std": 0.0
    },
    "mood_valence": {
      "r2": -12.65676212310791,
      "mae": 0.4141893982887268,
      "pearson": 0.0748530775308609,
      "p_value": 0.01745893982868369,
      "label_mean": 0.585810661315918,
      "label_std": 0.11642269045114517,
      "pred_mean": 1.0,
      "pred_std": 7.929526901762074e-08
    },
    "mood_energy": {
      "r2": -16.63195037841797,
      "mae": 0.41001036763191223,
      "pearson": 0.20706404745578766,
      "p_value": 3.179877516073389e-11,
      "label_mean": 0.5079275965690613,
      "label_std": 0.1045684963464737,
      "pred_mean": 0.6195276379585266,
      "pred_std": 0.43381431698799133
    },
    "mood_imagination": {
      "r2": -14.91011905670166,
      "mae": 0.39637067914009094,
      "pearson": NaN,
      "p_value": NaN,
      "label_mean": 0.6036293506622314,
      "label_std": 0.1026504784822464,
      "pred_mean": 1.0,
      "pred_std": 0.0
    },
    "sophistication": {
      "r2": -14.645930290222168,
      "mae": 0.45716506242752075,
      "pearson": 0.07570333033800125,
      "p_value": 0.0162178380612612,
      "label_mean": 0.5428282618522644,
      "label_std": 0.1194576546549797,
      "pred_mean": 0.9999933242797852,
      "pred_std": 3.1560823117615655e-05
    },
    "interpretation": {
      "r2": -14.031911849975586,
      "mae": 0.4425809681415558,
      "pearson": NaN,
      "p_value": NaN,
      "label_mean": 0.5574190020561218,
      "label_std": 0.11815015226602554,
      "pred_mean": 1.0,
      "pred_std": 0.0
    }
  },
  "training_time_seconds": 41.37618803977966
}