{
  "experiment_id": "B0_baseline",
  "description": "MERT+MLP, L13-24, mean pooling",
  "config": {
    "input_dim": 1024,
    "hidden_dim": 512,
    "num_labels": 19,
    "dropout": 0.2,
    "learning_rate": 0.0001,
    "weight_decay": 1e-05,
    "gradient_clip_val": 1.0,
    "batch_size": 64,
    "max_epochs": 200,
    "patience": 15,
    "max_frames": 1000,
    "n_folds": 4,
    "num_workers": 2,
    "seed": 42
  },
  "summary": {
    "avg_r2": 0.404867023229599,
    "std_r2": 0.023466461864366416,
    "r2_ci_95": [
      0.397786033898592,
      0.44866813644766806
    ],
    "overall_r2": 0.4255751967430115,
    "overall_mae": 0.07262389361858368,
    "dispersion_ratio": 0.6761925220489502
  },
  "fold_results": {
    "0": 0.375130295753479,
    "1": 0.41591858863830566,
    "2": 0.4368118345737457,
    "3": 0.3916073739528656
  },
  "per_dimension": {
    "timing": {
      "r2": 0.2797846794128418,
      "mae": 0.09321297705173492,
      "pearson": 0.5300387144088745,
      "p_value": 4.2430165923872475e-74,
      "label_mean": 0.4930650293827057,
      "label_std": 0.1385713666677475,
      "pred_mean": 0.488372802734375,
      "pred_std": 0.07388144731521606
    },
    "articulation_length": {
      "r2": 0.5870970487594604,
      "mae": 0.06500622630119324,
      "pearson": 0.7681782245635986,
      "p_value": 4.931123829830357e-197,
      "label_mean": 0.5470980405807495,
      "label_std": 0.1266971379518509,
      "pred_mean": 0.5535510778427124,
      "pred_std": 0.09477149695158005
    },
    "articulation_touch": {
      "r2": 0.4962063431739807,
      "mae": 0.06809134781360626,
      "pearson": 0.70569908618927,
      "p_value": 1.0013275213340036e-152,
      "label_mean": 0.5581113696098328,
      "label_std": 0.12256564944982529,
      "pred_mean": 0.5538474321365356,
      "pred_std": 0.08350610733032227
    },
    "pedal_amount": {
      "r2": 0.4879853129386902,
      "mae": 0.0991019606590271,
      "pearson": 0.700594961643219,
      "p_value": 1.2741846708676923e-149,
      "label_mean": 0.6141148805618286,
      "label_std": 0.17622733116149902,
      "pred_mean": 0.6203331351280212,
      "pred_std": 0.13051962852478027
    },
    "pedal_clarity": {
      "r2": 0.37434691190719604,
      "mae": 0.10360681265592575,
      "pearson": 0.6151894927024841,
      "p_value": 5.326062488001926e-106,
      "label_mean": 0.5236351490020752,
      "label_std": 0.16356857120990753,
      "pred_mean": 0.531328558921814,
      "pred_std": 0.10775347054004669
    },
    "timbre_variety": {
      "r2": 0.36250871419906616,
      "mae": 0.0745403841137886,
      "pearson": 0.606900691986084,
      "p_value": 1.8357444715643534e-102,
      "label_mean": 0.5327844619750977,
      "label_std": 0.11803743243217468,
      "pred_mean": 0.5299553871154785,
      "pred_std": 0.08018573373556137
    },
    "timbre_depth": {
      "r2": 0.4793587923049927,
      "mae": 0.07282356917858124,
      "pearson": 0.6947904825210571,
      "p_value": 3.6008536502513614e-146,
      "label_mean": 0.5887712836265564,
      "label_std": 0.12851819396018982,
      "pred_mean": 0.5888452529907227,
      "pred_std": 0.09675920754671097
    },
    "timbre_brightness": {
      "r2": 0.32825368642807007,
      "mae": 0.06236397847533226,
      "pearson": 0.5765318274497986,
      "p_value": 2.3667672765619364e-90,
      "label_mean": 0.49643877148628235,
      "label_std": 0.10179990530014038,
      "pred_mean": 0.4899558126926422,
      "pred_std": 0.057782649993896484
    },
    "timbre_loudness": {
      "r2": 0.5669264793395996,
      "mae": 0.06467072665691376,
      "pearson": 0.7551915645599365,
      "p_value": 9.932427365861044e-187,
      "label_mean": 0.5870792269706726,
      "label_std": 0.1271744668483734,
      "pred_mean": 0.5836701393127441,
      "pred_std": 0.08947055786848068
    },
    "dynamic_range": {
      "r2": 0.49775248765945435,
      "mae": 0.07125212997198105,
      "pearson": 0.7055366039276123,
      "p_value": 1.2601946645488266e-152,
      "label_mean": 0.5318655371665955,
      "label_std": 0.12905772030353546,
      "pred_mean": 0.5320271253585815,
      "pred_std": 0.09173732995986938
    },
    "tempo": {
      "r2": 0.2264235019683838,
      "mae": 0.07094007730484009,
      "pearson": 0.4780837297439575,
      "p_value": 1.0750352319007579e-58,
      "label_mean": 0.5356393456459045,
      "label_std": 0.1047235056757927,
      "pred_mean": 0.5362547636032104,
      "pred_std": 0.05487247183918953
    },
    "space": {
      "r2": 0.5545616149902344,
      "mae": 0.06038021668791771,
      "pearson": 0.7451595067977905,
      "p_value": 3.3421994186632054e-179,
      "label_mean": 0.5141614675521851,
      "label_std": 0.11827941983938217,
      "pred_mean": 0.5142748355865479,
      "pred_std": 0.08500714600086212
    },
    "balance": {
      "r2": 0.40495389699935913,
      "mae": 0.06904947012662888,
      "pearson": 0.6418116092681885,
      "p_value": 4.151749473611438e-118,
      "label_mean": 0.5564071536064148,
      "label_std": 0.11423359811306,
      "pred_mean": 0.5562775731086731,
      "pred_std": 0.08285126835107803
    },
    "drama": {
      "r2": 0.3543654680252075,
      "mae": 0.06973275542259216,
      "pearson": 0.5984030365943909,
      "p_value": 6.0755136781538385e-99,
      "label_mean": 0.6020606160163879,
      "label_std": 0.11095958203077316,
      "pred_mean": 0.6003692150115967,
      "pred_std": 0.07295212894678116
    },
    "mood_valence": {
      "r2": 0.3168158531188965,
      "mae": 0.07655984163284302,
      "pearson": 0.5715378522872925,
      "p_value": 1.7618527841491106e-88,
      "label_mean": 0.5858106017112732,
      "label_std": 0.11642269045114517,
      "pred_mean": 0.5841902494430542,
      "pred_std": 0.07797431200742722
    },
    "mood_energy": {
      "r2": 0.41869837045669556,
      "mae": 0.06164712458848953,
      "pearson": 0.6487479209899902,
      "p_value": 1.8313358618548918e-121,
      "label_mean": 0.5079275965690613,
      "label_std": 0.1045684963464737,
      "pred_mean": 0.5031484365463257,
      "pred_std": 0.0668652281165123
    },
    "mood_imagination": {
      "r2": 0.5140665769577026,
      "mae": 0.056837860494852066,
      "pearson": 0.71970534324646,
      "p_value": 1.3384888160586098e-161,
      "label_mean": 0.6036292910575867,
      "label_std": 0.1026504784822464,
      "pred_mean": 0.6000288724899292,
      "pred_std": 0.06856516748666763
    },
    "sophistication": {
      "r2": 0.48797816038131714,
      "mae": 0.06640532612800598,
      "pearson": 0.6998350620269775,
      "p_value": 3.6455424320858096e-149,
      "label_mean": 0.5428282618522644,
      "label_std": 0.1194576546549797,
      "pred_mean": 0.5432146787643433,
      "pred_std": 0.0886412113904953
    },
    "interpretation": {
      "r2": 0.34784430265426636,
      "mae": 0.07363149523735046,
      "pearson": 0.5947414040565491,
      "p_value": 1.8533843286851058e-97,
      "label_mean": 0.5574190616607666,
      "label_std": 0.11815015226602554,
      "pred_mean": 0.5571303367614746,
      "pred_std": 0.07931867241859436
    }
  },
  "training_time_seconds": 1924.6624608039856
}