{
  "experiment_id": "B1a_layers_1-6",
  "description": "MERT layers 1-6 (early)",
  "config": {
    "input_dim": 1024,
    "hidden_dim": 512,
    "num_labels": 19,
    "dropout": 0.2,
    "learning_rate": 0.0001,
    "weight_decay": 1e-05,
    "gradient_clip_val": 1.0,
    "batch_size": 64,
    "max_epochs": 200,
    "patience": 15,
    "max_frames": 1000,
    "n_folds": 4,
    "num_workers": 2,
    "seed": 42
  },
  "summary": {
    "avg_r2": 0.3974946439266205,
    "std_r2": 0.029723155778504234,
    "r2_ci_95": [
      0.3908549427986145,
      0.44474574327468874
    ],
    "overall_r2": 0.41916632652282715,
    "overall_mae": 0.0728694349527359,
    "dispersion_ratio": 0.7026801705360413
  },
  "fold_results": {
    "0": 0.37336233258247375,
    "1": 0.4064311385154724,
    "2": 0.4422151744365692,
    "3": 0.36796993017196655
  },
  "per_dimension": {
    "timing": {
      "r2": 0.31916195154190063,
      "mae": 0.09106020629405975,
      "pearson": 0.5656553506851196,
      "p_value": 2.5702977062375115e-86,
      "label_mean": 0.4930650293827057,
      "label_std": 0.1385713666677475,
      "pred_mean": 0.49595192074775696,
      "pred_std": 0.08104899525642395
    },
    "articulation_length": {
      "r2": 0.6176624298095703,
      "mae": 0.062084048986434937,
      "pearson": 0.7860493659973145,
      "p_value": 2.2644176162186377e-212,
      "label_mean": 0.5470980405807495,
      "label_std": 0.1266971379518509,
      "pred_mean": 0.5487228035926819,
      "pred_std": 0.09872591495513916
    },
    "articulation_touch": {
      "r2": 0.4851341247558594,
      "mae": 0.06893900781869888,
      "pearson": 0.6972062587738037,
      "p_value": 1.3493401515364407e-147,
      "label_mean": 0.5581114292144775,
      "label_std": 0.12256564944982529,
      "pred_mean": 0.5576318502426147,
      "pred_std": 0.08922580629587173
    },
    "pedal_amount": {
      "r2": 0.5015445947647095,
      "mae": 0.09830892831087112,
      "pearson": 0.7118032574653625,
      "p_value": 1.5800801524056516e-156,
      "label_mean": 0.6141148209571838,
      "label_std": 0.17622733116149902,
      "pred_mean": 0.6175158023834229,
      "pred_std": 0.13758084177970886
    },
    "pedal_clarity": {
      "r2": 0.3528013229370117,
      "mae": 0.10547169297933578,
      "pearson": 0.6011032462120056,
      "p_value": 4.748547949555196e-100,
      "label_mean": 0.5236351490020752,
      "label_std": 0.16356857120990753,
      "pred_mean": 0.5238708257675171,
      "pred_std": 0.11342115700244904
    },
    "timbre_variety": {
      "r2": 0.32602083683013916,
      "mae": 0.0769159197807312,
      "pearson": 0.584010660648346,
      "p_value": 3.2357766125391635e-93,
      "label_mean": 0.5327844023704529,
      "label_std": 0.11803743243217468,
      "pred_mean": 0.5328824520111084,
      "pred_std": 0.08341429382562637
    },
    "timbre_depth": {
      "r2": 0.4688224196434021,
      "mae": 0.07328169047832489,
      "pearson": 0.6901930570602417,
      "p_value": 1.7056992827382307e-143,
      "label_mean": 0.5887713432312012,
      "label_std": 0.12851819396018982,
      "pred_mean": 0.5883204340934753,
      "pred_std": 0.09985580295324326
    },
    "timbre_brightness": {
      "r2": 0.32281243801116943,
      "mae": 0.06306907534599304,
      "pearson": 0.5738224387168884,
      "p_value": 2.4754570932289986e-89,
      "label_mean": 0.49643877148628235,
      "label_std": 0.10179990530014038,
      "pred_mean": 0.48916831612586975,
      "pred_std": 0.06216789036989212
    },
    "timbre_loudness": {
      "r2": 0.5295097827911377,
      "mae": 0.06668155640363693,
      "pearson": 0.7279638051986694,
      "p_value": 4.317102348493739e-167,
      "label_mean": 0.5870791673660278,
      "label_std": 0.1271744668483734,
      "pred_mean": 0.5868831872940063,
      "pred_std": 0.08997447043657303
    },
    "dynamic_range": {
      "r2": 0.4931606650352478,
      "mae": 0.0715797021985054,
      "pearson": 0.703316867351532,
      "p_value": 2.8696125374020976e-151,
      "label_mean": 0.5318654775619507,
      "label_std": 0.12905772030353546,
      "pred_mean": 0.5334925651550293,
      "pred_std": 0.09548377245664597
    },
    "tempo": {
      "r2": 0.25465744733810425,
      "mae": 0.07034941762685776,
      "pearson": 0.5082347393035889,
      "p_value": 2.6140479455632267e-67,
      "label_mean": 0.5356393456459045,
      "label_std": 0.1047235056757927,
      "pred_mean": 0.5352360606193542,
      "pred_std": 0.059533894062042236
    },
    "space": {
      "r2": 0.5694118738174438,
      "mae": 0.058591291308403015,
      "pearson": 0.7567412853240967,
      "p_value": 6.334337362606738e-188,
      "label_mean": 0.5141614675521851,
      "label_std": 0.11827941983938217,
      "pred_mean": 0.5101280808448792,
      "pred_std": 0.08410921692848206
    },
    "balance": {
      "r2": 0.4250621199607849,
      "mae": 0.06785344332456589,
      "pearson": 0.6581121683120728,
      "p_value": 3.898871505469865e-126,
      "label_mean": 0.55640709400177,
      "label_std": 0.11423359811306,
      "pred_mean": 0.5575324296951294,
      "pred_std": 0.08536551147699356
    },
    "drama": {
      "r2": 0.36180347204208374,
      "mae": 0.06928904354572296,
      "pearson": 0.6073124408721924,
      "p_value": 1.231837576309731e-102,
      "label_mean": 0.6020606160163879,
      "label_std": 0.11095958203077316,
      "pred_mean": 0.5989870429039001,
      "pred_std": 0.0761646181344986
    },
    "mood_valence": {
      "r2": 0.2673557996749878,
      "mae": 0.07950573414564133,
      "pearson": 0.5384661555290222,
      "p_value": 7.377866029882336e-77,
      "label_mean": 0.5858106017112732,
      "label_std": 0.11642269045114517,
      "pred_mean": 0.5840519666671753,
      "pred_std": 0.0800994262099266
    },
    "mood_energy": {
      "r2": 0.39529019594192505,
      "mae": 0.06192983686923981,
      "pearson": 0.6330415606498718,
      "p_value": 5.474351330403283e-114,
      "label_mean": 0.5079275965690613,
      "label_std": 0.1045684963464737,
      "pred_mean": 0.5002145767211914,
      "pred_std": 0.06653951108455658
    },
    "mood_imagination": {
      "r2": 0.4667653441429138,
      "mae": 0.058640725910663605,
      "pearson": 0.6832189559936523,
      "p_value": 1.5706573575220963e-139,
      "label_mean": 0.6036293506622314,
      "label_std": 0.1026504784822464,
      "pred_mean": 0.6034064888954163,
      "pred_std": 0.06969645619392395
    },
    "sophistication": {
      "r2": 0.45595455169677734,
      "mae": 0.06743450462818146,
      "pearson": 0.6810001134872437,
      "p_value": 2.717062738075525e-138,
      "label_mean": 0.5428282618522644,
      "label_std": 0.1194576546549797,
      "pred_mean": 0.5397628545761108,
      "pred_std": 0.09145044535398483
    },
    "interpretation": {
      "r2": 0.3512279987335205,
      "mae": 0.07353349775075912,
      "pearson": 0.5996192693710327,
      "p_value": 1.933126421825835e-99,
      "label_mean": 0.5574190616607666,
      "label_std": 0.11815015226602554,
      "pred_mean": 0.5565327405929565,
      "pred_std": 0.08158239722251892
    }
  },
  "training_time_seconds": 3914.781549692154
}