{
  "experiment_id": "B1b_layers_7-12",
  "description": "MERT layers 7-12 (mid)",
  "config": {
    "input_dim": 1024,
    "hidden_dim": 512,
    "num_labels": 19,
    "dropout": 0.2,
    "learning_rate": 0.0001,
    "weight_decay": 1e-05,
    "gradient_clip_val": 1.0,
    "batch_size": 64,
    "max_epochs": 200,
    "patience": 15,
    "max_frames": 1000,
    "n_folds": 4,
    "num_workers": 2,
    "seed": 42
  },
  "summary": {
    "avg_r2": 0.4329380393028259,
    "std_r2": 0.026503294706344604,
    "r2_ci_95": [
      0.4089049130678177,
      0.46055596098303797
    ],
    "overall_r2": 0.4371223449707031,
    "overall_mae": 0.07180879265069962,
    "dispersion_ratio": 0.7054076194763184
  },
  "fold_results": {
    "2": 0.45944133400917053,
    "3": 0.4064347445964813
  },
  "per_dimension": {
    "timing": {
      "r2": 0.35707247257232666,
      "mae": 0.08862628042697906,
      "pearson": 0.5979447364807129,
      "p_value": 9.341091934527032e-99,
      "label_mean": 0.4930650591850281,
      "label_std": 0.1385713666677475,
      "pred_mean": 0.49477913975715637,
      "pred_std": 0.0804092064499855
    },
    "articulation_length": {
      "r2": 0.6230384111404419,
      "mae": 0.061575423926115036,
      "pearson": 0.7893441319465637,
      "p_value": 2.320495664757772e-215,
      "label_mean": 0.5470980405807495,
      "label_std": 0.1266971379518509,
      "pred_mean": 0.547739565372467,
      "pred_std": 0.0999687984585762
    },
    "articulation_touch": {
      "r2": 0.49048006534576416,
      "mae": 0.06821412593126297,
      "pearson": 0.7008283138275146,
      "p_value": 9.219391738916165e-150,
      "label_mean": 0.5581113696098328,
      "label_std": 0.12256564944982529,
      "pred_mean": 0.5597565770149231,
      "pred_std": 0.08863827586174011
    },
    "pedal_amount": {
      "r2": 0.520616888999939,
      "mae": 0.09655636548995972,
      "pearson": 0.7239412069320679,
      "p_value": 2.162864719735001e-164,
      "label_mean": 0.6141148209571838,
      "label_std": 0.17622733116149902,
      "pred_mean": 0.6149861216545105,
      "pred_std": 0.13792848587036133
    },
    "pedal_clarity": {
      "r2": 0.3919214606285095,
      "mae": 0.10253486782312393,
      "pearson": 0.630364716053009,
      "p_value": 9.323657901927236e-113,
      "label_mean": 0.5236351490020752,
      "label_std": 0.16356857120990753,
      "pred_mean": 0.5256364345550537,
      "pred_std": 0.11500300467014313
    },
    "timbre_variety": {
      "r2": 0.37688809633255005,
      "mae": 0.07394439727067947,
      "pearson": 0.6212069988250732,
      "p_value": 1.2346478950880635e-108,
      "label_mean": 0.5327844619750977,
      "label_std": 0.11803743243217468,
      "pred_mean": 0.5373913645744324,
      "pred_std": 0.0835389569401741
    },
    "timbre_depth": {
      "r2": 0.49399763345718384,
      "mae": 0.07141178846359253,
      "pearson": 0.706803560256958,
      "p_value": 2.0890404024117893e-153,
      "label_mean": 0.588771402835846,
      "label_std": 0.12851819396018982,
      "pred_mean": 0.5898206233978271,
      "pred_std": 0.10037436336278915
    },
    "timbre_brightness": {
      "r2": 0.29773837327957153,
      "mae": 0.06412116438150406,
      "pearson": 0.5504569411277771,
      "p_value": 6.367950784188749e-81,
      "label_mean": 0.49643880128860474,
      "label_std": 0.10179990530014038,
      "pred_mean": 0.49067583680152893,
      "pred_std": 0.06065645068883896
    },
    "timbre_loudness": {
      "r2": 0.5573829412460327,
      "mae": 0.06496068835258484,
      "pearson": 0.7511035203933716,
      "p_value": 1.2816823720388707e-183,
      "label_mean": 0.5870792269706726,
      "label_std": 0.1271744668483734,
      "pred_mean": 0.5935681462287903,
      "pred_std": 0.0873086005449295
    },
    "dynamic_range": {
      "r2": 0.5136868953704834,
      "mae": 0.07103600353002548,
      "pearson": 0.7182824015617371,
      "p_value": 1.1292271366177734e-160,
      "label_mean": 0.5318655371665955,
      "label_std": 0.12905772030353546,
      "pred_mean": 0.5377192497253418,
      "pred_std": 0.09445751458406448
    },
    "tempo": {
      "r2": 0.22658038139343262,
      "mae": 0.07226207107305527,
      "pearson": 0.4887235462665558,
      "p_value": 1.2287125981546615e-61,
      "label_mean": 0.5356393456459045,
      "label_std": 0.1047235056757927,
      "pred_mean": 0.5444890856742859,
      "pred_std": 0.05868088826537132
    },
    "space": {
      "r2": 0.5686661005020142,
      "mae": 0.05935654416680336,
      "pearson": 0.7543042898178101,
      "p_value": 4.757928120711054e-186,
      "label_mean": 0.5141614675521851,
      "label_std": 0.11827941983938217,
      "pred_mean": 0.5145429372787476,
      "pred_std": 0.09126187115907669
    },
    "balance": {
      "r2": 0.4110924005508423,
      "mae": 0.06835240125656128,
      "pearson": 0.6505340337753296,
      "p_value": 2.4235469403738097e-122,
      "label_mean": 0.5564071536064148,
      "label_std": 0.11423359811306,
      "pred_mean": 0.5615767240524292,
      "pred_std": 0.08576717227697372
    },
    "drama": {
      "r2": 0.36909574270248413,
      "mae": 0.0697053000330925,
      "pearson": 0.6154889464378357,
      "p_value": 3.950315504159486e-106,
      "label_mean": 0.6020606160163879,
      "label_std": 0.11095958203077316,
      "pred_mean": 0.5994120836257935,
      "pred_std": 0.07891478389501572
    },
    "mood_valence": {
      "r2": 0.33029210567474365,
      "mae": 0.0758504867553711,
      "pearson": 0.5827295780181885,
      "p_value": 1.0135959716467622e-92,
      "label_mean": 0.5858106017112732,
      "label_std": 0.11642269045114517,
      "pred_mean": 0.5890423655509949,
      "pred_std": 0.07858362793922424
    },
    "mood_energy": {
      "r2": 0.3749215006828308,
      "mae": 0.06354726105928421,
      "pearson": 0.6137980222702026,
      "p_value": 2.1263022617803625e-105,
      "label_mean": 0.5079275965690613,
      "label_std": 0.10456850379705429,
      "pred_mean": 0.5038776397705078,
      "pred_std": 0.06607325375080109
    },
    "mood_imagination": {
      "r2": 0.4877033829689026,
      "mae": 0.05736458674073219,
      "pearson": 0.6995728611946106,
      "p_value": 5.23599320870992e-149,
      "label_mean": 0.6036292910575867,
      "label_std": 0.1026504784822464,
      "pred_mean": 0.6077699065208435,
      "pred_std": 0.0709417387843132
    },
    "sophistication": {
      "r2": 0.5389661192893982,
      "mae": 0.06268785893917084,
      "pearson": 0.7344355583190918,
      "p_value": 1.542562540941211e-171,
      "label_mean": 0.5428282618522644,
      "label_std": 0.1194576546549797,
      "pred_mean": 0.5423124432563782,
      "pred_std": 0.09015558660030365
    },
    "interpretation": {
      "r2": 0.3751814365386963,
      "mae": 0.07225929945707321,
      "pearson": 0.6184773445129395,
      "p_value": 1.9673237652971334e-107,
      "label_mean": 0.5574190020561218,
      "label_std": 0.11815015226602554,
      "pred_mean": 0.5566970705986023,
      "pred_std": 0.08316484093666077
    }
  },
  "training_time_seconds": 1983.7015008926392
}