{
  "experiment_id": "B1c_layers_13-24",
  "description": "MERT layers 13-24 (late)",
  "config": {
    "input_dim": 1024,
    "hidden_dim": 512,
    "num_labels": 19,
    "dropout": 0.2,
    "learning_rate": 0.0001,
    "weight_decay": 1e-05,
    "gradient_clip_val": 1.0,
    "batch_size": 64,
    "max_epochs": 200,
    "patience": 15,
    "max_frames": 1000,
    "n_folds": 4,
    "num_workers": 2,
    "seed": 42
  },
  "summary": {
    "avg_r2": 0.4256572723388672,
    "std_r2": 0.0,
    "r2_ci_95": [
      0.39766394048929216,
      0.4516493730247021
    ],
    "overall_r2": 0.4256572723388672,
    "overall_mae": 0.07264214754104614,
    "dispersion_ratio": 0.6983394622802734
  },
  "fold_results": {
    "0": 0.4256572723388672,
    "1": 0.4256572723388672,
    "2": 0.4256572723388672,
    "3": 0.4256572723388672
  },
  "per_dimension": {
    "timing": {
      "r2": 0.2774465084075928,
      "mae": 0.09357529878616333,
      "pearson": 0.5282155871391296,
      "p_value": 1.6386558647451937e-73,
      "label_mean": 0.4930650293827057,
      "label_std": 0.1385713666677475,
      "pred_mean": 0.4950140714645386,
      "pred_std": 0.07831951230764389
    },
    "articulation_length": {
      "r2": 0.6021766066551208,
      "mae": 0.06343694031238556,
      "pearson": 0.7763819098472595,
      "p_value": 6.743588410840048e-204,
      "label_mean": 0.5470980405807495,
      "label_std": 0.1266971379518509,
      "pred_mean": 0.544222354888916,
      "pred_std": 0.09725280106067657
    },
    "articulation_touch": {
      "r2": 0.47809797525405884,
      "mae": 0.06942417472600937,
      "pearson": 0.6927589178085327,
      "p_value": 5.557850173311525e-145,
      "label_mean": 0.5581113696098328,
      "label_std": 0.12256565690040588,
      "pred_mean": 0.5626705288887024,
      "pred_std": 0.08745947480201721
    },
    "pedal_amount": {
      "r2": 0.49316227436065674,
      "mae": 0.09862066060304642,
      "pearson": 0.706026554107666,
      "p_value": 6.296601975147502e-153,
      "label_mean": 0.6141148209571838,
      "label_std": 0.17622733116149902,
      "pred_mean": 0.6067819595336914,
      "pred_std": 0.13496507704257965
    },
    "pedal_clarity": {
      "r2": 0.384507417678833,
      "mae": 0.1022910550236702,
      "pearson": 0.6232116222381592,
      "p_value": 1.5884027423222605e-109,
      "label_mean": 0.5236351490020752,
      "label_std": 0.16356857120990753,
      "pred_mean": 0.5164984464645386,
      "pred_std": 0.10921908169984818
    },
    "timbre_variety": {
      "r2": 0.36662018299102783,
      "mae": 0.07447513192892075,
      "pearson": 0.6148316860198975,
      "p_value": 7.608723653558068e-106,
      "label_mean": 0.5327844619750977,
      "label_std": 0.11803743243217468,
      "pred_mean": 0.5348528027534485,
      "pred_std": 0.08500394970178604
    },
    "timbre_depth": {
      "r2": 0.45884841680526733,
      "mae": 0.07426564395427704,
      "pearson": 0.685726523399353,
      "p_value": 6.075858715913656e-141,
      "label_mean": 0.5887712836265564,
      "label_std": 0.12851819396018982,
      "pred_mean": 0.589340090751648,
      "pred_std": 0.10182193666696548
    },
    "timbre_brightness": {
      "r2": 0.3510231375694275,
      "mae": 0.061178240925073624,
      "pearson": 0.5973368883132935,
      "p_value": 1.6509692083611476e-98,
      "label_mean": 0.49643880128860474,
      "label_std": 0.10179990530014038,
      "pred_mean": 0.4887103736400604,
      "pred_std": 0.06030355766415596
    },
    "timbre_loudness": {
      "r2": 0.5696671009063721,
      "mae": 0.06454826891422272,
      "pearson": 0.7565956115722656,
      "p_value": 8.211971504961432e-188,
      "label_mean": 0.5870792269706726,
      "label_std": 0.1271744668483734,
      "pred_mean": 0.5911341905593872,
      "pred_std": 0.09089463949203491
    },
    "dynamic_range": {
      "r2": 0.48416417837142944,
      "mae": 0.0722116008400917,
      "pearson": 0.6991848945617676,
      "p_value": 8.938244265706338e-149,
      "label_mean": 0.5318655371665955,
      "label_std": 0.12905772030353546,
      "pred_mean": 0.5385535359382629,
      "pred_std": 0.0960211381316185
    },
    "tempo": {
      "r2": 0.2446146011352539,
      "mae": 0.07115773111581802,
      "pearson": 0.50494784116745,
      "p_value": 2.5046076773550557e-66,
      "label_mean": 0.5356393456459045,
      "label_std": 0.1047235056757927,
      "pred_mean": 0.5454508662223816,
      "pred_std": 0.05704249069094658
    },
    "space": {
      "r2": 0.5455183982849121,
      "mae": 0.05992775782942772,
      "pearson": 0.7388359308242798,
      "p_value": 1.2278908559090823e-174,
      "label_mean": 0.5141614675521851,
      "label_std": 0.11827942728996277,
      "pred_mean": 0.5133340954780579,
      "pred_std": 0.08530255407094955
    },
    "balance": {
      "r2": 0.41033637523651123,
      "mae": 0.06898543983697891,
      "pearson": 0.6471843719482422,
      "p_value": 1.0636360572853344e-120,
      "label_mean": 0.5564071536064148,
      "label_std": 0.11423359811306,
      "pred_mean": 0.5563176274299622,
      "pred_std": 0.08446864783763885
    },
    "drama": {
      "r2": 0.33143699169158936,
      "mae": 0.0716097429394722,
      "pearson": 0.5853168368339539,
      "p_value": 1.0046870687710755e-93,
      "label_mean": 0.6020606160163879,
      "label_std": 0.11095958203077316,
      "pred_mean": 0.5991116762161255,
      "pred_std": 0.07629071176052094
    },
    "mood_valence": {
      "r2": 0.3114408254623413,
      "mae": 0.07687365263700485,
      "pearson": 0.5716660022735596,
      "p_value": 1.5788425517431157e-88,
      "label_mean": 0.5858106017112732,
      "label_std": 0.11642269045114517,
      "pred_mean": 0.5861073136329651,
      "pred_std": 0.08098138123750687
    },
    "mood_energy": {
      "r2": 0.4384608864784241,
      "mae": 0.060220204293727875,
      "pearson": 0.6666204333305359,
      "p_value": 1.5785312300057443e-130,
      "label_mean": 0.5079275965690613,
      "label_std": 0.10456850379705429,
      "pred_mean": 0.5001177787780762,
      "pred_std": 0.06776806712150574
    },
    "mood_imagination": {
      "r2": 0.5203574895858765,
      "mae": 0.05579596757888794,
      "pearson": 0.725592851638794,
      "p_value": 1.7073855217755309e-165,
      "label_mean": 0.6036293506622314,
      "label_std": 0.1026504784822464,
      "pred_mean": 0.6110028624534607,
      "pred_std": 0.07128936052322388
    },
    "sophistication": {
      "r2": 0.4823873043060303,
      "mae": 0.06627402454614639,
      "pearson": 0.6968923211097717,
      "p_value": 2.0716337283768645e-147,
      "label_mean": 0.5428282618522644,
      "label_std": 0.1194576546549797,
      "pred_mean": 0.5402701497077942,
      "pred_std": 0.08958487957715988
    },
    "interpretation": {
      "r2": 0.33721888065338135,
      "mae": 0.07532938569784164,
      "pearson": 0.5890755653381348,
      "p_value": 3.369245809631926e-95,
      "label_mean": 0.5574190616607666,
      "label_std": 0.11815015226602554,
      "pred_mean": 0.5571376085281372,
      "pred_std": 0.08128690719604492
    }
  },
  "training_time_seconds": 19.198012113571167
}