{
  "experiment_id": "B1d_layers_1-24",
  "description": "MERT all layers 1-24",
  "config": {
    "input_dim": 1024,
    "hidden_dim": 512,
    "num_labels": 19,
    "dropout": 0.2,
    "learning_rate": 0.0001,
    "weight_decay": 1e-05,
    "gradient_clip_val": 1.0,
    "batch_size": 64,
    "max_epochs": 200,
    "patience": 15,
    "max_frames": 1000,
    "n_folds": 4,
    "num_workers": 2,
    "seed": 42
  },
  "summary": {
    "avg_r2": 0.4100378379225731,
    "std_r2": 0.027662811756247428,
    "r2_ci_95": [
      0.4051360942423344,
      0.4573647454380989
    ],
    "overall_r2": 0.43168801069259644,
    "overall_mae": 0.07220717519521713,
    "dispersion_ratio": 0.6907533407211304
  },
  "fold_results": {
    "0": 0.3724893629550934,
    "1": 0.4040030837059021,
    "2": 0.45006224513053894,
    "3": 0.41359665989875793
  },
  "per_dimension": {
    "timing": {
      "r2": 0.30813872814178467,
      "mae": 0.09116038680076599,
      "pearson": 0.5568599700927734,
      "p_value": 3.676824094647926e-83,
      "label_mean": 0.4930650293827057,
      "label_std": 0.1385713666677475,
      "pred_mean": 0.4869401752948761,
      "pred_std": 0.07727573812007904
    },
    "articulation_length": {
      "r2": 0.6055865287780762,
      "mae": 0.06387277692556381,
      "pearson": 0.7808497548103333,
      "p_value": 9.257016630653384e-208,
      "label_mean": 0.5470980405807495,
      "label_std": 0.1266971379518509,
      "pred_mean": 0.5395137071609497,
      "pred_std": 0.09594319015741348
    },
    "articulation_touch": {
      "r2": 0.49783873558044434,
      "mae": 0.06743929535150528,
      "pearson": 0.7065848112106323,
      "p_value": 2.8510379832244144e-153,
      "label_mean": 0.5581113696098328,
      "label_std": 0.12256565690040588,
      "pred_mean": 0.5619125962257385,
      "pred_std": 0.08923608809709549
    },
    "pedal_amount": {
      "r2": 0.4962193965911865,
      "mae": 0.0981706827878952,
      "pearson": 0.710909903049469,
      "p_value": 5.771569107679289e-156,
      "label_mean": 0.6141148209571838,
      "label_std": 0.17622733116149902,
      "pred_mean": 0.6000257134437561,
      "pred_std": 0.13457652926445007
    },
    "pedal_clarity": {
      "r2": 0.3637896180152893,
      "mae": 0.10303819179534912,
      "pearson": 0.6127923727035522,
      "p_value": 5.757786010763553e-105,
      "label_mean": 0.5236351490020752,
      "label_std": 0.16356857120990753,
      "pred_mean": 0.5092741847038269,
      "pred_std": 0.11060010641813278
    },
    "timbre_variety": {
      "r2": 0.35819923877716064,
      "mae": 0.0748078003525734,
      "pearson": 0.606343686580658,
      "p_value": 3.1460403973171828e-102,
      "label_mean": 0.5327844619750977,
      "label_std": 0.11803743243217468,
      "pred_mean": 0.5301175117492676,
      "pred_std": 0.08273372054100037
    },
    "timbre_depth": {
      "r2": 0.4669777750968933,
      "mae": 0.0742369294166565,
      "pearson": 0.6904276013374329,
      "p_value": 1.2492744686583975e-143,
      "label_mean": 0.5887712836265564,
      "label_std": 0.12851819396018982,
      "pred_mean": 0.5814223289489746,
      "pred_std": 0.09904836863279343
    },
    "timbre_brightness": {
      "r2": 0.32792413234710693,
      "mae": 0.062179192900657654,
      "pearson": 0.5757819414138794,
      "p_value": 4.542574707651258e-90,
      "label_mean": 0.49643880128860474,
      "label_std": 0.10179990530014038,
      "pred_mean": 0.49190691113471985,
      "pred_std": 0.06271045655012131
    },
    "timbre_loudness": {
      "r2": 0.5607730150222778,
      "mae": 0.06458789855241776,
      "pearson": 0.7493935823440552,
      "p_value": 2.4602845453897252e-182,
      "label_mean": 0.5870792269706726,
      "label_std": 0.1271744668483734,
      "pred_mean": 0.5861184000968933,
      "pred_std": 0.09179599583148956
    },
    "dynamic_range": {
      "r2": 0.5075329542160034,
      "mae": 0.07084465026855469,
      "pearson": 0.713554859161377,
      "p_value": 1.228134610201914e-157,
      "label_mean": 0.5318655371665955,
      "label_std": 0.12905772030353546,
      "pred_mean": 0.5346055030822754,
      "pred_std": 0.09651711583137512
    },
    "tempo": {
      "r2": 0.26590514183044434,
      "mae": 0.06998737901449203,
      "pearson": 0.5156899094581604,
      "p_value": 1.4161906247960904e-69,
      "label_mean": 0.5356393456459045,
      "label_std": 0.1047235056757927,
      "pred_mean": 0.5355895161628723,
      "pred_std": 0.05458519235253334
    },
    "space": {
      "r2": 0.5492754578590393,
      "mae": 0.06021494418382645,
      "pearson": 0.7416115403175354,
      "p_value": 1.2645162363559116e-176,
      "label_mean": 0.5141614675521851,
      "label_std": 0.11827942728996277,
      "pred_mean": 0.5162241458892822,
      "pred_std": 0.08532756567001343
    },
    "balance": {
      "r2": 0.415504515171051,
      "mae": 0.068605937063694,
      "pearson": 0.6494907140731812,
      "p_value": 7.910818547310528e-122,
      "label_mean": 0.5564071536064148,
      "label_std": 0.11423359811306,
      "pred_mean": 0.5532697439193726,
      "pred_std": 0.0827263593673706
    },
    "drama": {
      "r2": 0.3620148301124573,
      "mae": 0.06986672431230545,
      "pearson": 0.6057605743408203,
      "p_value": 5.5237824648981504e-102,
      "label_mean": 0.6020606160163879,
      "label_std": 0.11095958203077316,
      "pred_mean": 0.6001320481300354,
      "pred_std": 0.07476421445608139
    },
    "mood_valence": {
      "r2": 0.3301820755004883,
      "mae": 0.0758972093462944,
      "pearson": 0.5791945457458496,
      "p_value": 2.3062593713599864e-91,
      "label_mean": 0.5858106017112732,
      "label_std": 0.11642269045114517,
      "pred_mean": 0.582599937915802,
      "pred_std": 0.07526197284460068
    },
    "mood_energy": {
      "r2": 0.4135182499885559,
      "mae": 0.06116105616092682,
      "pearson": 0.6456584930419922,
      "p_value": 5.8625498827028076e-120,
      "label_mean": 0.5079275965690613,
      "label_std": 0.10456850379705429,
      "pred_mean": 0.5018694996833801,
      "pred_std": 0.06754694133996964
    },
    "mood_imagination": {
      "r2": 0.4992964267730713,
      "mae": 0.057088203728199005,
      "pearson": 0.7071965932846069,
      "p_value": 1.193913322864119e-153,
      "label_mean": 0.6036293506622314,
      "label_std": 0.1026504784822464,
      "pred_mean": 0.6027817130088806,
      "pred_std": 0.06975974887609482
    },
    "sophistication": {
      "r2": 0.5057296752929688,
      "mae": 0.06530188024044037,
      "pearson": 0.7120407819747925,
      "p_value": 1.1186422046931444e-156,
      "label_mean": 0.5428282618522644,
      "label_std": 0.1194576546549797,
      "pred_mean": 0.5389711856842041,
      "pred_std": 0.086869977414608
    },
    "interpretation": {
      "r2": 0.36766499280929565,
      "mae": 0.07347524911165237,
      "pearson": 0.6102506518363953,
      "p_value": 7.026736562851308e-104,
      "label_mean": 0.5574190616607666,
      "label_std": 0.11815015226602554,
      "pred_mean": 0.5576565265655518,
      "pred_std": 0.08023274689912796
    }
  },
  "training_time_seconds": 4365.346740245819
}