{
  "experiment_id": "B2a_max_pool",
  "description": "MERT + max pooling",
  "config": {
    "input_dim": 1024,
    "hidden_dim": 512,
    "num_labels": 19,
    "dropout": 0.2,
    "learning_rate": 0.0001,
    "weight_decay": 1e-05,
    "gradient_clip_val": 1.0,
    "batch_size": 64,
    "max_epochs": 200,
    "patience": 15,
    "max_frames": 1000,
    "n_folds": 4,
    "num_workers": 2,
    "seed": 42,
    "pooling": "max"
  },
  "summary": {
    "avg_r2": 0.3162503316998482,
    "std_r2": 0.03898130788586554,
    "r2_ci_95": [
      0.3164303205907345,
      0.3616285599768162
    ],
    "overall_r2": 0.34016886353492737,
    "overall_mae": 0.07913932204246521,
    "dispersion_ratio": 0.5684781074523926
  },
  "fold_results": {
    "0": 0.25940820574760437,
    "1": 0.3010755181312561,
    "2": 0.3488202393054962,
    "3": 0.355697363615036
  },
  "per_dimension": {
    "timing": {
      "r2": 0.172418475151062,
      "mae": 0.10158712416887283,
      "pearson": 0.41744399070739746,
      "p_value": 8.917524537276455e-44,
      "label_mean": 0.4930650293827057,
      "label_std": 0.1385713666677475,
      "pred_mean": 0.4980044960975647,
      "pred_std": 0.054536495357751846
    },
    "articulation_length": {
      "r2": 0.49073612689971924,
      "mae": 0.07132598757743835,
      "pearson": 0.701312780380249,
      "p_value": 4.7052437028165754e-150,
      "label_mean": 0.5470980405807495,
      "label_std": 0.1266971379518509,
      "pred_mean": 0.5461053252220154,
      "pred_std": 0.08476442098617554
    },
    "articulation_touch": {
      "r2": 0.42958325147628784,
      "mae": 0.07421073317527771,
      "pearson": 0.6586067080497742,
      "p_value": 2.1853031534533567e-126,
      "label_mean": 0.5581113696098328,
      "label_std": 0.12256565690040588,
      "pred_mean": 0.5526301860809326,
      "pred_std": 0.07500042021274567
    },
    "pedal_amount": {
      "r2": 0.37522977590560913,
      "mae": 0.11054056137800217,
      "pearson": 0.6128004789352417,
      "p_value": 5.711819237064165e-105,
      "label_mean": 0.6141148805618286,
      "label_std": 0.17622733116149902,
      "pred_mean": 0.6142308115959167,
      "pred_std": 0.10496919602155685
    },
    "pedal_clarity": {
      "r2": 0.2549813985824585,
      "mae": 0.11517795920372009,
      "pearson": 0.5052496194839478,
      "p_value": 2.0374861431447738e-66,
      "label_mean": 0.5236351490020752,
      "label_std": 0.16356857120990753,
      "pred_mean": 0.5252554416656494,
      "pred_std": 0.08034345507621765
    },
    "timbre_variety": {
      "r2": 0.2664502263069153,
      "mae": 0.08126723021268845,
      "pearson": 0.5186108946800232,
      "p_value": 1.7689770951282616e-70,
      "label_mean": 0.5327844619750977,
      "label_std": 0.11803743243217468,
      "pred_mean": 0.5343848466873169,
      "pred_std": 0.06690486520528793
    },
    "timbre_depth": {
      "r2": 0.3960006833076477,
      "mae": 0.07984959334135056,
      "pearson": 0.6295670866966248,
      "p_value": 2.158049621779942e-112,
      "label_mean": 0.5887712836265564,
      "label_std": 0.12851819396018982,
      "pred_mean": 0.5907852053642273,
      "pred_std": 0.08224955946207047
    },
    "timbre_brightness": {
      "r2": 0.2525685429573059,
      "mae": 0.06747403740882874,
      "pearson": 0.5128527879714966,
      "p_value": 1.0475090435865249e-68,
      "label_mean": 0.49643880128860474,
      "label_std": 0.10179990530014038,
      "pred_mean": 0.4862121343612671,
      "pred_std": 0.05413339287042618
    },
    "timbre_loudness": {
      "r2": 0.4172295928001404,
      "mae": 0.07733779400587082,
      "pearson": 0.6507545709609985,
      "p_value": 1.886212741505107e-122,
      "label_mean": 0.5870792269706726,
      "label_std": 0.1271744668483734,
      "pred_mean": 0.5806934833526611,
      "pred_std": 0.07499157637357712
    },
    "dynamic_range": {
      "r2": 0.44940507411956787,
      "mae": 0.07645609229803085,
      "pearson": 0.6737420558929443,
      "p_value": 2.559078105355058e-134,
      "label_mean": 0.5318655371665955,
      "label_std": 0.12905772030353546,
      "pred_mean": 0.5271926522254944,
      "pred_std": 0.07963695377111435
    },
    "tempo": {
      "r2": 0.12774187326431274,
      "mae": 0.07637515664100647,
      "pearson": 0.3591797351837158,
      "p_value": 4.666195118916905e-32,
      "label_mean": 0.5356393456459045,
      "label_std": 0.1047235056757927,
      "pred_mean": 0.5348260998725891,
      "pred_std": 0.04125414043664932
    },
    "space": {
      "r2": 0.4549883008003235,
      "mae": 0.06777053326368332,
      "pearson": 0.6773761510848999,
      "p_value": 2.7079668972053898e-136,
      "label_mean": 0.5141614675521851,
      "label_std": 0.11827941983938217,
      "pred_mean": 0.5150507092475891,
      "pred_std": 0.07283461093902588
    },
    "balance": {
      "r2": 0.379696786403656,
      "mae": 0.07123123854398727,
      "pearson": 0.6164938807487488,
      "p_value": 1.4457693709159501e-106,
      "label_mean": 0.5564071536064148,
      "label_std": 0.11423359811306,
      "pred_mean": 0.5556289553642273,
      "pred_std": 0.07247249782085419
    },
    "drama": {
      "r2": 0.31587833166122437,
      "mae": 0.07166727632284164,
      "pearson": 0.5623672008514404,
      "p_value": 3.98798805186529e-85,
      "label_mean": 0.6020606160163879,
      "label_std": 0.11095958203077316,
      "pred_mean": 0.6017138957977295,
      "pred_std": 0.06453076004981995
    },
    "mood_valence": {
      "r2": 0.25797587633132935,
      "mae": 0.08060122281312943,
      "pearson": 0.5101277828216553,
      "p_value": 7.033652567539559e-68,
      "label_mean": 0.5858106017112732,
      "label_std": 0.11642269045114517,
      "pred_mean": 0.5850273370742798,
      "pred_std": 0.06486265361309052
    },
    "mood_energy": {
      "r2": 0.32258617877960205,
      "mae": 0.0670904740691185,
      "pearson": 0.5787923336029053,
      "p_value": 3.2829261717480586e-91,
      "label_mean": 0.5079275965690613,
      "label_std": 0.1045684963464737,
      "pred_mean": 0.49639424681663513,
      "pred_std": 0.058872319757938385
    },
    "mood_imagination": {
      "r2": 0.3466905355453491,
      "mae": 0.06660348176956177,
      "pearson": 0.5923638343811035,
      "p_value": 1.6657232247435394e-96,
      "label_mean": 0.6036293506622314,
      "label_std": 0.1026504784822464,
      "pred_mean": 0.6018578410148621,
      "pred_std": 0.05439049378037453
    },
    "sophistication": {
      "r2": 0.43998056650161743,
      "mae": 0.0709451362490654,
      "pearson": 0.6637674570083618,
      "p_value": 4.868041326488398e-129,
      "label_mean": 0.5428282618522644,
      "label_std": 0.1194576546549797,
      "pred_mean": 0.5447737574577332,
      "pred_std": 0.07708456367254257
    },
    "interpretation": {
      "r2": 0.3130646347999573,
      "mae": 0.07613541930913925,
      "pearson": 0.559821605682373,
      "p_value": 3.261987950170858e-84,
      "label_mean": 0.5574190616607666,
      "label_std": 0.11815015226602554,
      "pred_mean": 0.5592145919799805,
      "pred_std": 0.06735184788703918
    }
  },
  "training_time_seconds": 3512.191981077194
}