{
  "experiment_id": "B2b_attention_pool",
  "description": "MERT + attention pooling",
  "config": {
    "input_dim": 1024,
    "hidden_dim": 512,
    "num_labels": 19,
    "dropout": 0.2,
    "learning_rate": 0.0001,
    "weight_decay": 1e-05,
    "gradient_clip_val": 1.0,
    "batch_size": 64,
    "max_epochs": 200,
    "patience": 15,
    "max_frames": 1000,
    "n_folds": 4,
    "num_workers": 2,
    "seed": 42,
    "pooling": "attention"
  },
  "summary": {
    "avg_r2": 0.3689955249428749,
    "std_r2": 0.05116179340096347,
    "r2_ci_95": [
      0.3646030440926552,
      0.4195326194167137
    ],
    "overall_r2": 0.393681138753891,
    "overall_mae": 0.07454810291528702,
    "dispersion_ratio": 0.6669571399688721
  },
  "fold_results": {
    "0": 0.3476126194000244,
    "1": 0.2956349849700928,
    "2": 0.42482179403305054,
    "3": 0.4079127013683319
  },
  "per_dimension": {
    "timing": {
      "r2": 0.25269806385040283,
      "mae": 0.09565805643796921,
      "pearson": 0.5041878819465637,
      "p_value": 4.20893686735725e-66,
      "label_mean": 0.4930650293827057,
      "label_std": 0.1385713666677475,
      "pred_mean": 0.4961695671081543,
      "pred_std": 0.06547209620475769
    },
    "articulation_length": {
      "r2": 0.5404067635536194,
      "mae": 0.06756080687046051,
      "pearson": 0.7364014387130737,
      "p_value": 6.477708809432489e-173,
      "label_mean": 0.5470980405807495,
      "label_std": 0.1266971379518509,
      "pred_mean": 0.552563488483429,
      "pred_std": 0.09274161607027054
    },
    "articulation_touch": {
      "r2": 0.4390478730201721,
      "mae": 0.07154030352830887,
      "pearson": 0.6635301113128662,
      "p_value": 6.46386856477849e-129,
      "label_mean": 0.5581113696098328,
      "label_std": 0.12256565690040588,
      "pred_mean": 0.5552632212638855,
      "pred_std": 0.08453261107206345
    },
    "pedal_amount": {
      "r2": 0.45740610361099243,
      "mae": 0.10074862092733383,
      "pearson": 0.6798323392868042,
      "p_value": 1.2057629373906237e-137,
      "label_mean": 0.6141148805618286,
      "label_std": 0.17622733116149902,
      "pred_mean": 0.6176280379295349,
      "pred_std": 0.1314527690410614
    },
    "pedal_clarity": {
      "r2": 0.3275347948074341,
      "mae": 0.10547879338264465,
      "pearson": 0.5795726180076599,
      "p_value": 1.6540233007505623e-91,
      "label_mean": 0.5236351490020752,
      "label_std": 0.16356857120990753,
      "pred_mean": 0.532953679561615,
      "pred_std": 0.10650850087404251
    },
    "timbre_variety": {
      "r2": 0.3188726305961609,
      "mae": 0.07718263566493988,
      "pearson": 0.579401969909668,
      "p_value": 1.921937707381373e-91,
      "label_mean": 0.5327844619750977,
      "label_std": 0.11803743243217468,
      "pred_mean": 0.5404768586158752,
      "pred_std": 0.08163397759199142
    },
    "timbre_depth": {
      "r2": 0.419364333152771,
      "mae": 0.07698045670986176,
      "pearson": 0.6562114953994751,
      "p_value": 3.5703902449536057e-125,
      "label_mean": 0.5887712836265564,
      "label_std": 0.12851819396018982,
      "pred_mean": 0.5947911739349365,
      "pred_std": 0.09656484425067902
    },
    "timbre_brightness": {
      "r2": 0.3330429196357727,
      "mae": 0.06282926350831985,
      "pearson": 0.5855932831764221,
      "p_value": 7.839458408670822e-94,
      "label_mean": 0.49643880128860474,
      "label_std": 0.10179990530014038,
      "pred_mean": 0.4865413308143616,
      "pred_std": 0.05751718208193779
    },
    "timbre_loudness": {
      "r2": 0.5797308087348938,
      "mae": 0.06371041387319565,
      "pearson": 0.7651239633560181,
      "p_value": 1.50071752880857e-194,
      "label_mean": 0.5870792269706726,
      "label_std": 0.1271744668483734,
      "pred_mean": 0.589244544506073,
      "pred_std": 0.08796399086713791
    },
    "dynamic_range": {
      "r2": 0.5093642473220825,
      "mae": 0.07107210904359818,
      "pearson": 0.7144569158554077,
      "p_value": 3.270773295003645e-158,
      "label_mean": 0.5318655371665955,
      "label_std": 0.12905772030353546,
      "pred_mean": 0.5348830223083496,
      "pred_std": 0.08921287208795547
    },
    "tempo": {
      "r2": 0.20195841789245605,
      "mae": 0.0716780573129654,
      "pearson": 0.46307995915412903,
      "p_value": 1.0178685131090796e-54,
      "label_mean": 0.5356393456459045,
      "label_std": 0.1047235056757927,
      "pred_mean": 0.545547366142273,
      "pred_std": 0.05472033470869064
    },
    "space": {
      "r2": 0.5172868967056274,
      "mae": 0.06282996386289597,
      "pearson": 0.7210990786552429,
      "p_value": 1.6359883943611583e-162,
      "label_mean": 0.5141614675521851,
      "label_std": 0.11827941983938217,
      "pred_mean": 0.5107983350753784,
      "pred_std": 0.08015108108520508
    },
    "balance": {
      "r2": 0.35707324743270874,
      "mae": 0.07189103960990906,
      "pearson": 0.6089410781860352,
      "p_value": 2.5278196361331937e-103,
      "label_mean": 0.5564071536064148,
      "label_std": 0.11423359811306,
      "pred_mean": 0.5600048303604126,
      "pred_std": 0.08245738595724106
    },
    "drama": {
      "r2": 0.32101625204086304,
      "mae": 0.07239580899477005,
      "pearson": 0.5778011083602905,
      "p_value": 7.82132202824082e-91,
      "label_mean": 0.6020606160163879,
      "label_std": 0.11095958203077316,
      "pred_mean": 0.6023692488670349,
      "pred_std": 0.07668094336986542
    },
    "mood_valence": {
      "r2": 0.25816237926483154,
      "mae": 0.07970362156629562,
      "pearson": 0.5299386978149414,
      "p_value": 4.570473562653669e-74,
      "label_mean": 0.5858106017112732,
      "label_std": 0.11642269045114517,
      "pred_mean": 0.5944762229919434,
      "pred_std": 0.07693561911582947
    },
    "mood_energy": {
      "r2": 0.3957100510597229,
      "mae": 0.06241966411471367,
      "pearson": 0.6376068592071533,
      "p_value": 4.0769105100089576e-116,
      "label_mean": 0.5079275965690613,
      "label_std": 0.1045684963464737,
      "pred_mean": 0.49834030866622925,
      "pred_std": 0.06152265518903732
    },
    "mood_imagination": {
      "r2": 0.4815827012062073,
      "mae": 0.05801428109407425,
      "pearson": 0.6961416006088257,
      "p_value": 5.76042517632257e-147,
      "label_mean": 0.6036293506622314,
      "label_std": 0.1026504784822464,
      "pred_mean": 0.60804682970047,
      "pred_std": 0.06793538480997086
    },
    "sophistication": {
      "r2": 0.4320032000541687,
      "mae": 0.06963154673576355,
      "pearson": 0.6634984016418457,
      "p_value": 6.71328940810839e-129,
      "label_mean": 0.5428282618522644,
      "label_std": 0.1194576546549797,
      "pred_mean": 0.5471887588500977,
      "pred_std": 0.08917879313230515
    },
    "interpretation": {
      "r2": 0.3376772999763489,
      "mae": 0.07508839666843414,
      "pearson": 0.5864316821098328,
      "p_value": 3.687212278190663e-94,
      "label_mean": 0.5574190616607666,
      "label_std": 0.11815015226602554,
      "pred_mean": 0.557217538356781,
      "pred_std": 0.07860647141933441
    }
  },
  "training_time_seconds": 2145.793703556061
}