{
  "experiment_id": "B2c_lstm_pool",
  "description": "MERT + Bi-LSTM pooling",
  "config": {
    "input_dim": 1024,
    "hidden_dim": 512,
    "num_labels": 19,
    "dropout": 0.2,
    "learning_rate": 0.0001,
    "weight_decay": 1e-05,
    "gradient_clip_val": 1.0,
    "batch_size": 64,
    "max_epochs": 200,
    "patience": 15,
    "max_frames": 1000,
    "n_folds": 4,
    "num_workers": 2,
    "seed": 42,
    "pooling": "lstm"
  },
  "summary": {
    "avg_r2": 0.32743800431489944,
    "std_r2": 0.046614538735333645,
    "r2_ci_95": [
      0.3230717919766903,
      0.37992172241210936
    ],
    "overall_r2": 0.3532763421535492,
    "overall_mae": 0.07702372223138809,
    "dispersion_ratio": 0.6628683805465698
  },
  "fold_results": {
    "0": 0.2896803319454193,
    "1": 0.27274370193481445,
    "2": 0.3743229806423187,
    "3": 0.3730050027370453
  },
  "per_dimension": {
    "timing": {
      "r2": 0.14829623699188232,
      "mae": 0.10285039246082306,
      "pearson": 0.38896381855010986,
      "p_value": 9.406827510129923e-38,
      "label_mean": 0.4930650293827057,
      "label_std": 0.1385713666677475,
      "pred_mean": 0.49598053097724915,
      "pred_std": 0.06090224161744118
    },
    "articulation_length": {
      "r2": 0.5579237341880798,
      "mae": 0.06714951246976852,
      "pearson": 0.7475550770759583,
      "p_value": 5.743063744629829e-181,
      "label_mean": 0.5470980405807495,
      "label_std": 0.1266971379518509,
      "pred_mean": 0.5432869791984558,
      "pred_std": 0.09431043267250061
    },
    "articulation_touch": {
      "r2": 0.40890127420425415,
      "mae": 0.07442746311426163,
      "pearson": 0.6409405469894409,
      "p_value": 1.0801471830543492e-117,
      "label_mean": 0.5581113696098328,
      "label_std": 0.12256564944982529,
      "pred_mean": 0.5577532649040222,
      "pred_std": 0.08389274030923843
    },
    "pedal_amount": {
      "r2": 0.4435940980911255,
      "mae": 0.10351438820362091,
      "pearson": 0.6722172498703003,
      "p_value": 1.6925274347455168e-133,
      "label_mean": 0.6141148805618286,
      "label_std": 0.17622733116149902,
      "pred_mean": 0.6067091822624207,
      "pred_std": 0.13268838822841644
    },
    "pedal_clarity": {
      "r2": 0.3321406841278076,
      "mae": 0.10516089200973511,
      "pearson": 0.5825263261795044,
      "p_value": 1.214343345130345e-92,
      "label_mean": 0.5236351490020752,
      "label_std": 0.16356857120990753,
      "pred_mean": 0.5155174732208252,
      "pred_std": 0.10653631389141083
    },
    "timbre_variety": {
      "r2": 0.262206494808197,
      "mae": 0.08000724762678146,
      "pearson": 0.5362915992736816,
      "p_value": 3.8684507706605433e-76,
      "label_mean": 0.5327844619750977,
      "label_std": 0.11803743243217468,
      "pred_mean": 0.5330779552459717,
      "pred_std": 0.08211307972669601
    },
    "timbre_depth": {
      "r2": 0.39559972286224365,
      "mae": 0.0788712278008461,
      "pearson": 0.6434905529022217,
      "p_value": 6.516667207092052e-119,
      "label_mean": 0.5887712836265564,
      "label_std": 0.12851819396018982,
      "pred_mean": 0.5845960378646851,
      "pred_std": 0.09966512769460678
    },
    "timbre_brightness": {
      "r2": 0.2578507661819458,
      "mae": 0.06578578799962997,
      "pearson": 0.515039324760437,
      "p_value": 2.2444680642959762e-69,
      "label_mean": 0.4964388310909271,
      "label_std": 0.10179990530014038,
      "pred_mean": 0.4904833137989044,
      "pred_std": 0.058863166719675064
    },
    "timbre_loudness": {
      "r2": 0.49904388189315796,
      "mae": 0.07027232646942139,
      "pearson": 0.7073771953582764,
      "p_value": 9.229716587978434e-154,
      "label_mean": 0.5870792269706726,
      "label_std": 0.1271744668483734,
      "pred_mean": 0.5879419445991516,
      "pred_std": 0.08538765460252762
    },
    "dynamic_range": {
      "r2": 0.43721485137939453,
      "mae": 0.07530200481414795,
      "pearson": 0.6619076728820801,
      "p_value": 4.458773100130692e-128,
      "label_mean": 0.5318655371665955,
      "label_std": 0.12905772030353546,
      "pred_mean": 0.5312921404838562,
      "pred_std": 0.08926849812269211
    },
    "tempo": {
      "r2": 0.12867337465286255,
      "mae": 0.07497165352106094,
      "pearson": 0.3798178434371948,
      "p_value": 6.109046717405184e-36,
      "label_mean": 0.5356393456459045,
      "label_std": 0.1047235056757927,
      "pred_mean": 0.5364189743995667,
      "pred_std": 0.052827589213848114
    },
    "space": {
      "r2": 0.497904896736145,
      "mae": 0.06475546211004257,
      "pearson": 0.7085135579109192,
      "p_value": 1.8192835963843554e-154,
      "label_mean": 0.5141614675521851,
      "label_std": 0.11827942728996277,
      "pred_mean": 0.5088366866111755,
      "pred_std": 0.07843410223722458
    },
    "balance": {
      "r2": 0.3520355224609375,
      "mae": 0.07169745862483978,
      "pearson": 0.6031795144081116,
      "p_value": 6.579749648983033e-101,
      "label_mean": 0.5564071536064148,
      "label_std": 0.11423359811306,
      "pred_mean": 0.5552873015403748,
      "pred_std": 0.0812564343214035
    },
    "drama": {
      "r2": 0.3065018653869629,
      "mae": 0.07189012318849564,
      "pearson": 0.5614373087882996,
      "p_value": 8.611242872619389e-85,
      "label_mean": 0.6020606160163879,
      "label_std": 0.11095958203077316,
      "pred_mean": 0.6014434099197388,
      "pred_std": 0.0726340115070343
    },
    "mood_valence": {
      "r2": 0.21091699600219727,
      "mae": 0.08132520318031311,
      "pearson": 0.4966680407524109,
      "p_value": 6.669291843125474e-64,
      "label_mean": 0.5858106017112732,
      "label_std": 0.11642269045114517,
      "pred_mean": 0.5861636996269226,
      "pred_std": 0.07983716577291489
    },
    "mood_energy": {
      "r2": 0.3151887059211731,
      "mae": 0.06710851937532425,
      "pearson": 0.5656720995903015,
      "p_value": 2.534322926014033e-86,
      "label_mean": 0.5079275965690613,
      "label_std": 0.1045684963464737,
      "pred_mean": 0.5006989240646362,
      "pred_std": 0.059588104486465454
    },
    "mood_imagination": {
      "r2": 0.4430080056190491,
      "mae": 0.06072874739766121,
      "pearson": 0.6660985946655273,
      "p_value": 2.9640492188445494e-130,
      "label_mean": 0.6036293506622314,
      "label_std": 0.1026504784822464,
      "pred_mean": 0.6009916067123413,
      "pred_std": 0.06882347166538239
    },
    "sophistication": {
      "r2": 0.4089115262031555,
      "mae": 0.07126367837190628,
      "pearson": 0.6437182426452637,
      "p_value": 5.064935203494466e-119,
      "label_mean": 0.5428282618522644,
      "label_std": 0.1194576546549797,
      "pred_mean": 0.5411549210548401,
      "pred_std": 0.08556535094976425
    },
    "interpretation": {
      "r2": 0.30633753538131714,
      "mae": 0.07636840641498566,
      "pearson": 0.5642367601394653,
      "p_value": 8.420790299087845e-86,
      "label_mean": 0.5574190616607666,
      "label_std": 0.11815015226602554,
      "pred_mean": 0.5573232769966125,
      "pred_std": 0.07962073385715485
    }
  },
  "training_time_seconds": 1623.8248116970062
}