{
  "experiment_id": "C1a_hybrid_loss",
  "description": "MERT + MSE + 0.5*CCC loss",
  "config": {
    "input_dim": 1024,
    "hidden_dim": 512,
    "num_labels": 19,
    "dropout": 0.2,
    "learning_rate": 0.0001,
    "weight_decay": 1e-05,
    "gradient_clip_val": 1.0,
    "batch_size": 64,
    "max_epochs": 200,
    "patience": 15,
    "max_frames": 1000,
    "n_folds": 4,
    "num_workers": 2,
    "seed": 42,
    "loss_type": "hybrid"
  },
  "summary": {
    "avg_r2": 0.3771570026874542,
    "std_r2": 0.02217636081727606,
    "r2_ci_95": [
      0.36827252954244616,
      0.4302110537886619
    ],
    "overall_r2": 0.4003688097000122,
    "overall_mae": 0.0732414498925209,
    "dispersion_ratio": 0.8344220519065857
  },
  "fold_results": {
    "0": 0.35635843873023987,
    "1": 0.37205731868743896,
    "2": 0.41432613134384155,
    "3": 0.3658861219882965
  },
  "per_dimension": {
    "timing": {
      "r2": 0.2622585892677307,
      "mae": 0.0936373844742775,
      "pearson": 0.5481129884719849,
      "p_value": 4.087140373775685e-80,
      "label_mean": 0.4930650293827057,
      "label_std": 0.1385713666677475,
      "pred_mean": 0.492134153842926,
      "pred_std": 0.10300939530134201
    },
    "articulation_length": {
      "r2": 0.5745338201522827,
      "mae": 0.06534971296787262,
      "pearson": 0.7656017541885376,
      "p_value": 6.170527487308466e-195,
      "label_mean": 0.5470980405807495,
      "label_std": 0.1266971379518509,
      "pred_mean": 0.5507765412330627,
      "pred_std": 0.11014758050441742
    },
    "articulation_touch": {
      "r2": 0.4837498664855957,
      "mae": 0.06827660650014877,
      "pearson": 0.7107270956039429,
      "p_value": 7.518301583226088e-156,
      "label_mean": 0.5581113696098328,
      "label_std": 0.12256564944982529,
      "pred_mean": 0.5600624680519104,
      "pred_std": 0.10492691397666931
    },
    "pedal_amount": {
      "r2": 0.46461063623428345,
      "mae": 0.09801407158374786,
      "pearson": 0.7066153287887573,
      "p_value": 2.7300392145614505e-153,
      "label_mean": 0.6141148805618286,
      "label_std": 0.17622733116149902,
      "pred_mean": 0.6143608689308167,
      "pred_std": 0.15734897553920746
    },
    "pedal_clarity": {
      "r2": 0.33935320377349854,
      "mae": 0.10402685403823853,
      "pearson": 0.6246821880340576,
      "p_value": 3.4954543409772543e-110,
      "label_mean": 0.5236351490020752,
      "label_std": 0.16356857120990753,
      "pred_mean": 0.522642970085144,
      "pred_std": 0.13905863463878632
    },
    "timbre_variety": {
      "r2": 0.3224099278450012,
      "mae": 0.07645419985055923,
      "pearson": 0.6156914234161377,
      "p_value": 3.227236509391849e-106,
      "label_mean": 0.5327844619750977,
      "label_std": 0.11803743243217468,
      "pred_mean": 0.5364556908607483,
      "pred_std": 0.10053210705518723
    },
    "timbre_depth": {
      "r2": 0.4359453320503235,
      "mae": 0.07523126155138016,
      "pearson": 0.6948801875114441,
      "p_value": 3.1890556466934126e-146,
      "label_mean": 0.5887712836265564,
      "label_std": 0.12851819396018982,
      "pred_mean": 0.5871173143386841,
      "pred_std": 0.11709190160036087
    },
    "timbre_brightness": {
      "r2": 0.2990514636039734,
      "mae": 0.06218335032463074,
      "pearson": 0.5717408657073975,
      "p_value": 1.480825443335223e-88,
      "label_mean": 0.4964388310909271,
      "label_std": 0.10179990530014038,
      "pred_mean": 0.4892404079437256,
      "pred_std": 0.07358676940202713
    },
    "timbre_loudness": {
      "r2": 0.5798311233520508,
      "mae": 0.06277705729007721,
      "pearson": 0.7642521858215332,
      "p_value": 7.554133419189249e-194,
      "label_mean": 0.5870792269706726,
      "label_std": 0.1271744668483734,
      "pred_mean": 0.5903522372245789,
      "pred_std": 0.10481109470129013
    },
    "dynamic_range": {
      "r2": 0.49488478899002075,
      "mae": 0.07088034600019455,
      "pearson": 0.7153897285461426,
      "p_value": 8.281479287481851e-159,
      "label_mean": 0.5318655371665955,
      "label_std": 0.12905772030353546,
      "pred_mean": 0.5346584916114807,
      "pred_std": 0.10886883735656738
    },
    "tempo": {
      "r2": 0.21278107166290283,
      "mae": 0.0716652125120163,
      "pearson": 0.5070853233337402,
      "p_value": 5.7775002626746576e-67,
      "label_mean": 0.5356393456459045,
      "label_std": 0.1047235056757927,
      "pred_mean": 0.5417823195457458,
      "pred_std": 0.07428625971078873
    },
    "space": {
      "r2": 0.541171133518219,
      "mae": 0.06072632595896721,
      "pearson": 0.7434950470924377,
      "p_value": 5.479445805336345e-178,
      "label_mean": 0.5141614675521851,
      "label_std": 0.11827942728996277,
      "pred_mean": 0.5145156979560852,
      "pred_std": 0.10068192332983017
    },
    "balance": {
      "r2": 0.37730681896209717,
      "mae": 0.06981394439935684,
      "pearson": 0.6522437334060669,
      "p_value": 3.452467095987353e-123,
      "label_mean": 0.5564071536064148,
      "label_std": 0.11423359811306,
      "pred_mean": 0.5592390298843384,
      "pred_std": 0.09940492361783981
    },
    "drama": {
      "r2": 0.2585561275482178,
      "mae": 0.07466071099042892,
      "pearson": 0.5835946798324585,
      "p_value": 4.690556073683521e-93,
      "label_mean": 0.6020606160163879,
      "label_std": 0.11095958203077316,
      "pred_mean": 0.6016929149627686,
      "pred_std": 0.0965324267745018
    },
    "mood_valence": {
      "r2": 0.2984551191329956,
      "mae": 0.07730752229690552,
      "pearson": 0.5942848920822144,
      "p_value": 2.8292389935885207e-97,
      "label_mean": 0.5858106017112732,
      "label_std": 0.11642269045114517,
      "pred_mean": 0.5890632271766663,
      "pred_std": 0.09622713178396225
    },
    "mood_energy": {
      "r2": 0.4046595096588135,
      "mae": 0.06061382591724396,
      "pearson": 0.6524223685264587,
      "p_value": 2.814208611747431e-123,
      "label_mean": 0.5079275965690613,
      "label_std": 0.1045684963464737,
      "pred_mean": 0.5010901093482971,
      "pred_std": 0.08174403756856918
    },
    "mood_imagination": {
      "r2": 0.5021889805793762,
      "mae": 0.056367434561252594,
      "pearson": 0.7215385437011719,
      "p_value": 8.410923005502195e-163,
      "label_mean": 0.6036293506622314,
      "label_std": 0.1026504784822464,
      "pred_mean": 0.6084849834442139,
      "pred_std": 0.08712800592184067
    },
    "sophistication": {
      "r2": 0.46493273973464966,
      "mae": 0.06749454140663147,
      "pearson": 0.6965498924255371,
      "p_value": 3.304095715470861e-147,
      "label_mean": 0.5428282618522644,
      "label_std": 0.1194576546549797,
      "pred_mean": 0.5392619967460632,
      "pred_std": 0.09982863068580627
    },
    "interpretation": {
      "r2": 0.2903250455856323,
      "mae": 0.07610737532377243,
      "pearson": 0.5915135741233826,
      "p_value": 3.6366371219962653e-96,
      "label_mean": 0.5574190616607666,
      "label_std": 0.11815015226602554,
      "pred_mean": 0.5578089952468872,
      "pred_std": 0.09871998429298401
    }
  },
  "training_time_seconds": 3473.4363276958466
}