{
  "experiment_id": "C1b_pure_ccc",
  "description": "MERT + pure CCC loss",
  "config": {
    "input_dim": 1024,
    "hidden_dim": 512,
    "num_labels": 19,
    "dropout": 0.2,
    "learning_rate": 0.0001,
    "weight_decay": 1e-05,
    "gradient_clip_val": 1.0,
    "batch_size": 64,
    "max_epochs": 200,
    "patience": 15,
    "max_frames": 1000,
    "n_folds": 4,
    "num_workers": 2,
    "seed": 42,
    "loss_type": "ccc"
  },
  "summary": {
    "avg_r2": 0.3632429043451945,
    "std_r2": 0.03735051372638167,
    "r2_ci_95": [
      0.3476853214204311,
      0.41251864209771155
    ],
    "overall_r2": 0.38276126980781555,
    "overall_mae": 0.07467000186443329,
    "dispersion_ratio": 0.8496062755584717
  },
  "fold_results": {
    "1": 0.3355107009410858,
    "2": 0.4160420894622803,
    "3": 0.3381759226322174
  },
  "per_dimension": {
    "timing": {
      "r2": 0.2518134117126465,
      "mae": 0.09320558607578278,
      "pearson": 0.5500958561897278,
      "p_value": 8.488636019298294e-81,
      "label_mean": 0.4930649995803833,
      "label_std": 0.1385713666677475,
      "pred_mean": 0.4931027889251709,
      "pred_std": 0.1074574813246727
    },
    "articulation_length": {
      "r2": 0.5512468814849854,
      "mae": 0.06612839549779892,
      "pearson": 0.7545098662376404,
      "p_value": 3.3112762758413826e-186,
      "label_mean": 0.5470980405807495,
      "label_std": 0.1266971379518509,
      "pred_mean": 0.5452282428741455,
      "pred_std": 0.11250735819339752
    },
    "articulation_touch": {
      "r2": 0.43098264932632446,
      "mae": 0.07138381153345108,
      "pearson": 0.6835477948188782,
      "p_value": 1.0272989739189495e-139,
      "label_mean": 0.5581114292144775,
      "label_std": 0.12256564944982529,
      "pred_mean": 0.5606143474578857,
      "pred_std": 0.1069822683930397
    },
    "pedal_amount": {
      "r2": 0.4334005117416382,
      "mae": 0.10227926820516586,
      "pearson": 0.6927194595336914,
      "p_value": 5.859932086988685e-145,
      "label_mean": 0.6141148805618286,
      "label_std": 0.17622733116149902,
      "pred_mean": 0.61212557554245,
      "pred_std": 0.1600089818239212
    },
    "pedal_clarity": {
      "r2": 0.2988579273223877,
      "mae": 0.10812100768089294,
      "pearson": 0.6009159088134766,
      "p_value": 5.671883391225513e-100,
      "label_mean": 0.5236351490020752,
      "label_std": 0.16356857120990753,
      "pred_mean": 0.5230817198753357,
      "pred_std": 0.13909490406513214
    },
    "timbre_variety": {
      "r2": 0.30108630657196045,
      "mae": 0.07813674211502075,
      "pearson": 0.6073278784751892,
      "p_value": 1.2134655569423014e-102,
      "label_mean": 0.5327844619750977,
      "label_std": 0.11803743243217468,
      "pred_mean": 0.5361864566802979,
      "pred_std": 0.10222472250461578
    },
    "timbre_depth": {
      "r2": 0.4139143228530884,
      "mae": 0.07761809974908829,
      "pearson": 0.6827812790870667,
      "p_value": 2.761805711622552e-139,
      "label_mean": 0.5887713432312012,
      "label_std": 0.128518208861351,
      "pred_mean": 0.5860167145729065,
      "pred_std": 0.11700481176376343
    },
    "timbre_brightness": {
      "r2": 0.3207052946090698,
      "mae": 0.06215852499008179,
      "pearson": 0.5900098085403442,
      "p_value": 1.4388838745970375e-95,
      "label_mean": 0.49643877148628235,
      "label_std": 0.10179990530014038,
      "pred_mean": 0.4898015260696411,
      "pred_std": 0.07555373013019562
    },
    "timbre_loudness": {
      "r2": 0.5851746797561646,
      "mae": 0.06212112680077553,
      "pearson": 0.7677509188652039,
      "p_value": 1.1031327184110347e-196,
      "label_mean": 0.5870792269706726,
      "label_std": 0.1271744668483734,
      "pred_mean": 0.5932900905609131,
      "pred_std": 0.10315504670143127
    },
    "dynamic_range": {
      "r2": 0.4544428586959839,
      "mae": 0.07430115342140198,
      "pearson": 0.6969966292381287,
      "p_value": 1.7964592389097565e-147,
      "label_mean": 0.5318655371665955,
      "label_std": 0.12905772030353546,
      "pred_mean": 0.5403162837028503,
      "pred_std": 0.11118811368942261
    },
    "tempo": {
      "r2": 0.2425326108932495,
      "mae": 0.0701175257563591,
      "pearson": 0.5346883535385132,
      "p_value": 1.3023125908327863e-75,
      "label_mean": 0.5356393456459045,
      "label_std": 0.1047235056757927,
      "pred_mean": 0.546347975730896,
      "pred_std": 0.07499028742313385
    },
    "space": {
      "r2": 0.5407294631004333,
      "mae": 0.06095105782151222,
      "pearson": 0.7451786994934082,
      "p_value": 3.235720354936872e-179,
      "label_mean": 0.5141614675521851,
      "label_std": 0.11827942728996277,
      "pred_mean": 0.5099143385887146,
      "pred_std": 0.10176584869623184
    },
    "balance": {
      "r2": 0.3596952557563782,
      "mae": 0.07144683599472046,
      "pearson": 0.6460860371589661,
      "p_value": 3.637786434786419e-120,
      "label_mean": 0.5564071536064148,
      "label_std": 0.11423359811306,
      "pred_mean": 0.5547101497650146,
      "pred_std": 0.1011996641755104
    },
    "drama": {
      "r2": 0.25725626945495605,
      "mae": 0.07433197647333145,
      "pearson": 0.5934229493141174,
      "p_value": 6.277546350587593e-97,
      "label_mean": 0.6020606160163879,
      "label_std": 0.11095958203077316,
      "pred_mean": 0.5942348837852478,
      "pred_std": 0.0991191416978836
    },
    "mood_valence": {
      "r2": 0.2468220591545105,
      "mae": 0.07984987646341324,
      "pearson": 0.5688924789428711,
      "p_value": 1.6770028833065917e-87,
      "label_mean": 0.5858106017112732,
      "label_std": 0.11642269790172577,
      "pred_mean": 0.5842970609664917,
      "pred_std": 0.0984639972448349
    },
    "mood_energy": {
      "r2": 0.4352779984474182,
      "mae": 0.06003103032708168,
      "pearson": 0.6735261678695679,
      "p_value": 3.3461561783912393e-134,
      "label_mean": 0.5079275965690613,
      "label_std": 0.10456850379705429,
      "pred_mean": 0.503201425075531,
      "pred_std": 0.08378687500953674
    },
    "mood_imagination": {
      "r2": 0.48478877544403076,
      "mae": 0.056765761226415634,
      "pearson": 0.7103115916252136,
      "p_value": 1.3703208905291742e-155,
      "label_mean": 0.6036293506622314,
      "label_std": 0.1026504784822464,
      "pred_mean": 0.6080323457717896,
      "pred_std": 0.08665283024311066
    },
    "sophistication": {
      "r2": 0.40606600046157837,
      "mae": 0.07129145413637161,
      "pearson": 0.6725562810897827,
      "p_value": 1.1131122885308477e-133,
      "label_mean": 0.5428282618522644,
      "label_std": 0.1194576546549797,
      "pred_mean": 0.5362880825996399,
      "pred_std": 0.10519048571586609
    },
    "interpretation": {
      "r2": 0.2576693296432495,
      "mae": 0.07849103957414627,
      "pearson": 0.5851662755012512,
      "p_value": 1.1501120207920914e-93,
      "label_mean": 0.5574190616607666,
      "label_std": 0.11815015226602554,
      "pred_mean": 0.5522684454917908,
      "pred_std": 0.10314539074897766
    }
  },
  "training_time_seconds": 2179.4624457359314
}