{
  "all_experiments": {
    "B0_baseline": {
      "avg_r2": 0.404867023229599,
      "std_r2": 0.023466461864366416,
      "r2_ci_95": [
        0.397786033898592,
        0.44866813644766806
      ],
      "overall_r2": 0.4255751967430115,
      "overall_mae": 0.07262389361858368,
      "dispersion_ratio": 0.6761925220489502
    },
    "A1_linear_probe": {
      "avg_r2": 0.17454838752746582,
      "std_r2": 0.00919981300830841,
      "r2_ci_95": [
        0.10798695646226406,
        0.18193249590694904
      ],
      "overall_r2": 0.14911893010139465,
      "overall_mae": 0.08718757331371307,
      "dispersion_ratio": 0.8433388471603394
    },
    "A2_mel_cnn": {
      "avg_r2": 0.19134432636201382,
      "std_r2": 0.047489938384884384,
      "r2_ci_95": [
        0.20178032629191875,
        0.2519729413092136
      ],
      "overall_r2": 0.22800995409488678,
      "overall_mae": 0.08542440831661224,
      "dispersion_ratio": 0.49797433614730835
    },
    "A3_raw_stats": {
      "avg_r2": -12.615740140279135,
      "std_r2": 0.6188799694403403,
      "r2_ci_95": [
        -13.610786771774292,
        -12.37704894542694
      ],
      "overall_r2": -12.957754135131836,
      "overall_mae": 0.42831656336784363,
      "dispersion_ratio": 1.1427052021026611
    },
    "B1a_layers_1-6": {
      "avg_r2": 0.3974946439266205,
      "std_r2": 0.029723155778504234,
      "r2_ci_95": [
        0.3908549427986145,
        0.44474574327468874
      ],
      "overall_r2": 0.41916632652282715,
      "overall_mae": 0.0728694349527359,
      "dispersion_ratio": 0.7026801705360413
    },
    "B1b_layers_7-12": {
      "avg_r2": 0.4329380393028259,
      "std_r2": 0.026503294706344604,
      "r2_ci_95": [
        0.4089049130678177,
        0.46055596098303797
      ],
      "overall_r2": 0.4371223449707031,
      "overall_mae": 0.07180879265069962,
      "dispersion_ratio": 0.7054076194763184
    },
    "B1c_layers_13-24": {
      "avg_r2": 0.4256572723388672,
      "std_r2": 0.0,
      "r2_ci_95": [
        0.39766394048929216,
        0.4516493730247021
      ],
      "overall_r2": 0.4256572723388672,
      "overall_mae": 0.07264214754104614,
      "dispersion_ratio": 0.6983394622802734
    },
    "B1d_layers_1-24": {
      "avg_r2": 0.4100378379225731,
      "std_r2": 0.027662811756247428,
      "r2_ci_95": [
        0.4051360942423344,
        0.4573647454380989
      ],
      "overall_r2": 0.43168801069259644,
      "overall_mae": 0.07220717519521713,
      "dispersion_ratio": 0.6907533407211304
    },
    "B2a_max_pool": {
      "avg_r2": 0.3162503316998482,
      "std_r2": 0.03898130788586554,
      "r2_ci_95": [
        0.3164303205907345,
        0.3616285599768162
      ],
      "overall_r2": 0.34016886353492737,
      "overall_mae": 0.07913932204246521,
      "dispersion_ratio": 0.5684781074523926
    },
    "B2b_attention_pool": {
      "avg_r2": 0.3689955249428749,
      "std_r2": 0.05116179340096347,
      "r2_ci_95": [
        0.3646030440926552,
        0.4195326194167137
      ],
      "overall_r2": 0.393681138753891,
      "overall_mae": 0.07454810291528702,
      "dispersion_ratio": 0.6669571399688721
    },
    "B2c_lstm_pool": {
      "avg_r2": 0.32743800431489944,
      "std_r2": 0.046614538735333645,
      "r2_ci_95": [
        0.3230717919766903,
        0.37992172241210936
      ],
      "overall_r2": 0.3532763421535492,
      "overall_mae": 0.07702372223138809,
      "dispersion_ratio": 0.6628683805465698
    },
    "C1a_hybrid_loss": {
      "avg_r2": 0.3771570026874542,
      "std_r2": 0.02217636081727606,
      "r2_ci_95": [
        0.36827252954244616,
        0.4302110537886619
      ],
      "overall_r2": 0.4003688097000122,
      "overall_mae": 0.0732414498925209,
      "dispersion_ratio": 0.8344220519065857
    },
    "C1b_pure_ccc": {
      "avg_r2": 0.3632429043451945,
      "std_r2": 0.03735051372638167,
      "r2_ci_95": [
        0.3476853214204311,
        0.41251864209771155
      ],
      "overall_r2": 0.38276126980781555,
      "overall_mae": 0.07467000186443329,
      "dispersion_ratio": 0.8496062755584717
    },
    "D1a_stats_mean_std": {
      "avg_r2": 0.46599818021059036,
      "std_r2": 0.033492213821224893,
      "r2_ci_95": [
        0.4471171759068966,
        0.49667113125324247
      ],
      "overall_r2": 0.4723241627216339,
      "overall_mae": 0.06866885721683502,
      "dispersion_ratio": 0.7206467390060425
    },
    "D1b_stats_full": {
      "avg_r2": 0.4197317957878113,
      "std_r2": 0.03334692120552063,
      "r2_ci_95": [
        0.370273070037365,
        0.41512639448046684
      ],
      "overall_r2": 0.39389368891716003,
      "overall_mae": 0.07443597167730331,
      "dispersion_ratio": 0.5984947681427002
    },
    "D2a_uncertainty_mean": {
      "avg_r2": 0.4595610052347183,
      "std_r2": 0.024319677031746877,
      "r2_ci_95": [
        0.43760276585817337,
        0.48999008610844613
      ],
      "overall_r2": 0.4652586877346039,
      "overall_mae": 0.06923849880695343,
      "dispersion_ratio": 0.7042137384414673
    },
    "D2b_uncertainty_attn": {
      "avg_r2": 0.4307677149772644,
      "std_r2": 0.0,
      "r2_ci_95": [
        0.4035143584012985,
        0.45524740070104597
      ],
      "overall_r2": 0.4307677149772644,
      "overall_mae": 0.07138840854167938,
      "dispersion_ratio": 0.7050958275794983
    },
    "D3_dimension_heads": {
      "avg_r2": 0.4402833580970764,
      "std_r2": 0.024500234037724264,
      "r2_ci_95": [
        0.42013452872633933,
        0.47210611030459404
      ],
      "overall_r2": 0.447734534740448,
      "overall_mae": 0.07024799287319183,
      "dispersion_ratio": 0.7292494177818298
    },
    "D4_multilayer_6_9_12": {
      "avg_r2": 0.44186702370643616,
      "std_r2": 0.03413406676374044,
      "r2_ci_95": [
        0.4196033291518688,
        0.4735425166785717
      ],
      "overall_r2": 0.4477492868900299,
      "overall_mae": 0.0699552595615387,
      "dispersion_ratio": 0.7464931607246399
    },
    "D5_transformer_pool": {
      "avg_r2": 0.4415140599012375,
      "std_r2": 0.013448163866996765,
      "r2_ci_95": [
        0.3727344051003456,
        0.4216115295886993
      ],
      "overall_r2": 0.3994287848472595,
      "overall_mae": 0.07353463023900986,
      "dispersion_ratio": 0.6553207635879517
    },
    "D6_multiscale_pool": {
      "avg_r2": 0.4549197182059288,
      "std_r2": 0.034229259986781106,
      "r2_ci_95": [
        0.43653488978743554,
        0.48535866364836694
      ],
      "overall_r2": 0.4626767933368683,
      "overall_mae": 0.06927424669265747,
      "dispersion_ratio": 0.7348207235336304
    },
    "D7_muq_baseline": {
      "avg_r2": 0.5228423029184341,
      "std_r2": 0.03997813165187836,
      "r2_ci_95": [
        0.4797559164464474,
        0.5250300005078316
      ],
      "overall_r2": 0.5038650631904602,
      "overall_mae": 0.06668756157159805,
      "dispersion_ratio": 0.7317009568214417
    },
    "D8_muq_stats": {
      "avg_r2": 0.560181200504303,
      "std_r2": 0.0,
      "r2_ci_95": [
        0.4436540357768536,
        0.49243550151586535
      ],
      "overall_r2": 0.46910983324050903,
      "overall_mae": 0.06948274374008179,
      "dispersion_ratio": 0.6996858716011047
    },
    "D10a_contrastive_0.05": {
      "avg_r2": 0.4193641096353531,
      "std_r2": 0.012634947896003723,
      "r2_ci_95": [
        0.3977738231420517,
        0.45312600359320643
      ],
      "overall_r2": 0.4267479181289673,
      "overall_mae": 0.07156961411237717,
      "dispersion_ratio": 0.6983064413070679
    },
    "D10b_contrastive_0.1": {
      "avg_r2": 0.4178117513656616,
      "std_r2": 0.033566973376682775,
      "r2_ci_95": [
        0.3983047783374786,
        0.44927354753017423
      ],
      "overall_r2": 0.42432332038879395,
      "overall_mae": 0.07218223065137863,
      "dispersion_ratio": 0.6829830408096313
    },