{
  "experiment_id": "D10a_contrastive_0.05",
  "description": "MERT + contrastive auxiliary loss (lambda=0.05)",
  "config": {
    "input_dim": 1024,
    "hidden_dim": 512,
    "num_labels": 19,
    "dropout": 0.2,
    "learning_rate": 0.0001,
    "weight_decay": 1e-05,
    "gradient_clip_val": 1.0,
    "batch_size": 64,
    "max_epochs": 200,
    "patience": 15,
    "max_frames": 1000,
    "n_folds": 4,
    "num_workers": 2,
    "seed": 42
  },
  "summary": {
    "avg_r2": 0.4193641096353531,
    "std_r2": 0.012634947896003723,
    "r2_ci_95": [
      0.3977738231420517,
      0.45312600359320643
    ],
    "overall_r2": 0.4267479181289673,
    "overall_mae": 0.07156961411237717,
    "dispersion_ratio": 0.6983064413070679
  },
  "fold_results": {
    "2": 0.40672916173934937,
    "3": 0.4319990575313568
  },
  "per_dimension": {
    "timing": {
      "r2": 0.2713533639907837,
      "mae": 0.091562919318676,
      "pearson": 0.5219355821609497,
      "p_value": 1.2862854432189086e-70,
      "label_mean": 0.4841463267803192,
      "label_std": 0.13315917551517487,
      "pred_mean": 0.48154348134994507,
      "pred_std": 0.06602498888969421
    },
    "articulation_length": {
      "r2": 0.5947345495223999,
      "mae": 0.06413061171770096,
      "pearson": 0.7729544639587402,
      "p_value": 2.0106951106023976e-198,
      "label_mean": 0.5528336763381958,
      "label_std": 0.12750078737735748,
      "pred_mean": 0.5490325093269348,
      "pred_std": 0.09309012442827225
    },
    "articulation_touch": {
      "r2": 0.45077747106552124,
      "mae": 0.06876926124095917,
      "pearson": 0.6732466220855713,
      "p_value": 2.4123942525489403e-132,
      "label_mean": 0.5556268692016602,
      "label_std": 0.11905945837497711,
      "pred_mean": 0.55865877866745,
      "pred_std": 0.08525655418634415
    },
    "pedal_amount": {
      "r2": 0.49219810962677,
      "mae": 0.10085822641849518,
      "pearson": 0.7040596008300781,
      "p_value": 8.717862143238109e-150,
      "label_mean": 0.6203432083129883,
      "label_std": 0.17973752319812775,
      "pred_mean": 0.6144253611564636,
      "pred_std": 0.1353837251663208
    },
    "pedal_clarity": {
      "r2": 0.3958984613418579,
      "mae": 0.10320419818162918,
      "pearson": 0.6315144300460815,
      "p_value": 7.6116662054785075e-112,
      "label_mean": 0.5288310050964355,
      "label_std": 0.16834025084972382,
      "pred_mean": 0.5241585373878479,
      "pred_std": 0.11409972608089447
    },
    "timbre_variety": {
      "r2": 0.3605678677558899,
      "mae": 0.07372023910284042,
      "pearson": 0.6091607213020325,
      "p_value": 4.184407129881333e-102,
      "label_mean": 0.5332480072975159,
      "label_std": 0.11646948754787445,
      "pred_mean": 0.5350587964057922,
      "pred_std": 0.08275017887353897
    },
    "timbre_depth": {
      "r2": 0.4645504355430603,
      "mae": 0.07405395805835724,
      "pearson": 0.6852812767028809,
      "p_value": 6.735991901505667e-139,
      "label_mean": 0.5938758254051208,
      "label_std": 0.128086119890213,
      "pred_mean": 0.5921644568443298,
      "pred_std": 0.09672413021326065
    },
    "timbre_brightness": {
      "r2": 0.34512990713119507,
      "mae": 0.06199607253074646,
      "pearson": 0.5948952436447144,
      "p_value": 2.765837587499973e-96,
      "label_mean": 0.4967922568321228,
      "label_std": 0.10502893477678299,
      "pred_mean": 0.49281713366508484,
      "pred_std": 0.07147820293903351
    },
    "timbre_loudness": {
      "r2": 0.5791534185409546,
      "mae": 0.061952367424964905,
      "pearson": 0.7626405358314514,
      "p_value": 4.2699895002430116e-190,
      "label_mean": 0.5845330357551575,
      "label_std": 0.12392674386501312,
      "pred_mean": 0.5860978364944458,
      "pred_std": 0.08855817466974258
    },
    "dynamic_range": {
      "r2": 0.485160231590271,
      "mae": 0.06825046241283417,
      "pearson": 0.69929438829422,
      "p_value": 6.080214082544143e-147,
      "label_mean": 0.5251308083534241,
      "label_std": 0.12373863160610199,
      "pred_mean": 0.530853807926178,
      "pred_std": 0.09165152907371521
    },
    "tempo": {
      "r2": 0.26418060064315796,
      "mae": 0.06723718345165253,
      "pearson": 0.5215758085250854,
      "p_value": 1.6629074571422023e-70,
      "label_mean": 0.5355068445205688,
      "label_std": 0.10194859653711319,
      "pred_mean": 0.5351907014846802,
      "pred_std": 0.062207262963056564
    },
    "space": {
      "r2": 0.6019530892372131,
      "mae": 0.05804433301091194,
      "pearson": 0.7786175608634949,
      "p_value": 3.4776022993682176e-203,
      "label_mean": 0.5221661329269409,
      "label_std": 0.11978843063116074,
      "pred_mean": 0.5192853808403015,
      "pred_std": 0.08596926182508469
    },
    "balance": {
      "r2": 0.41538673639297485,
      "mae": 0.06715074181556702,
      "pearson": 0.6500971913337708,
      "p_value": 1.4229512086616368e-120,
      "label_mean": 0.5606911778450012,
      "label_std": 0.11247605830430984,
      "pred_mean": 0.5583687424659729,
      "pred_std": 0.08240444213151932
    },
    "drama": {
      "r2": 0.3587345480918884,
      "mae": 0.06787417083978653,
      "pearson": 0.6035153269767761,
      "p_value": 9.12212183645326e-100,
      "label_mean": 0.611358106136322,
      "label_std": 0.10769057273864746,
      "pred_mean": 0.610126256942749,
      "pred_std": 0.07288113236427307
    },
    "mood_valence": {
      "r2": 0.3000631332397461,
      "mae": 0.07496675103902817,
      "pearson": 0.5625708699226379,
      "p_value": 4.0212293105634535e-84,
      "label_mean": 0.5852612853050232,
      "label_std": 0.11473122239112854,
      "pred_mean": 0.5825117826461792,
      "pred_std": 0.07898808270692825
    },
    "mood_energy": {
      "r2": 0.40514761209487915,
      "mae": 0.06447069346904755,
      "pearson": 0.6424484848976135,
      "p_value": 6.594935673739502e-117,
      "label_mean": 0.5104852318763733,
      "label_std": 0.11218187212944031,
      "pred_mean": 0.508791983127594,
      "pred_std": 0.08169817924499512
    },
    "mood_imagination": {
      "r2": 0.44660818576812744,
      "mae": 0.0565834604203701,
      "pearson": 0.6698877811431885,
      "p_value": 1.4339754617240596e-130,
      "label_mean": 0.6025237441062927,
      "label_std": 0.0976666808128357,
      "pred_mean": 0.6066188812255859,
      "pred_std": 0.06733757257461548
    },
    "sophistication": {
      "r2": 0.5140940546989441,
      "mae": 0.06388407945632935,
      "pearson": 0.7176090478897095,
      "p_value": 3.4228954601539337e-158,
      "label_mean": 0.5498096942901611,
      "label_std": 0.11772658675909042,
      "pred_mean": 0.5488551259040833,
      "pred_std": 0.08781760931015015
    },
    "interpretation": {
      "r2": 0.3625175952911377,
      "mae": 0.07111316174268723,
      "pearson": 0.6080981492996216,
      "p_value": 1.1624128529311235e-101,
      "label_mean": 0.5661763548851013,
      "label_std": 0.11534003168344498,
      "pred_mean": 0.5618370175361633,
      "pred_std": 0.07896015793085098
    }
  },
  "training_time_seconds": 1004.902058839798
}