{
  "experiment_id": "D10b_contrastive_0.1",
  "description": "MERT + contrastive auxiliary loss (lambda=0.1)",
  "config": {
    "input_dim": 1024,
    "hidden_dim": 512,
    "num_labels": 19,
    "dropout": 0.2,
    "learning_rate": 0.0001,
    "weight_decay": 1e-05,
    "gradient_clip_val": 1.0,
    "batch_size": 64,
    "max_epochs": 200,
    "patience": 15,
    "max_frames": 1000,
    "n_folds": 4,
    "num_workers": 2,
    "seed": 42
  },
  "summary": {
    "avg_r2": 0.4178117513656616,
    "std_r2": 0.033566973376682775,
    "r2_ci_95": [
      0.3983047783374786,
      0.44927354753017423
    ],
    "overall_r2": 0.42432332038879395,
    "overall_mae": 0.07218223065137863,
    "dispersion_ratio": 0.6829830408096313
  },
  "fold_results": {
    "0": 0.4015246331691742,
    "1": 0.42639049887657166,
    "2": 0.37617751955986023,
    "3": 0.4671543538570404
  },
  "per_dimension": {
    "timing": {
      "r2": 0.25231117010116577,
      "mae": 0.09264452755451202,
      "pearson": 0.5023981332778931,
      "p_value": 9.477814973534037e-65,
      "label_mean": 0.4841463267803192,
      "label_std": 0.13315917551517487,
      "pred_mean": 0.4846131205558777,
      "pred_std": 0.06570499390363693
    },
    "articulation_length": {
      "r2": 0.5821508169174194,
      "mae": 0.06586058437824249,
      "pearson": 0.7652400732040405,
      "p_value": 3.733572828969048e-192,
      "label_mean": 0.5528336763381958,
      "label_std": 0.12750078737735748,
      "pred_mean": 0.5477355122566223,
      "pred_std": 0.09209535270929337
    },
    "articulation_touch": {
      "r2": 0.44623279571533203,
      "mae": 0.07020921260118484,
      "pearson": 0.6689934134483337,
      "p_value": 4.2167300514337385e-130,
      "label_mean": 0.5556268692016602,
      "label_std": 0.11905945837497711,
      "pred_mean": 0.5577218532562256,
      "pred_std": 0.08343321830034256
    },
    "pedal_amount": {
      "r2": 0.4553314447402954,
      "mae": 0.10448821634054184,
      "pearson": 0.6775031685829163,
      "p_value": 1.2595164548150007e-134,
      "label_mean": 0.6203432083129883,
      "label_std": 0.17973752319812775,
      "pred_mean": 0.6159243583679199,
      "pred_std": 0.13173921406269073
    },
    "pedal_clarity": {
      "r2": 0.37187790870666504,
      "mae": 0.10487595200538635,
      "pearson": 0.6121907234191895,
      "p_value": 2.2229450215539042e-103,
      "label_mean": 0.5288310050964355,
      "label_std": 0.16834025084972382,
      "pred_mean": 0.5287584066390991,
      "pred_std": 0.11212056130170822
    },
    "timbre_variety": {
      "r2": 0.3580417037010193,
      "mae": 0.07434062659740448,
      "pearson": 0.6027991771697998,
      "p_value": 1.7923995567224219e-99,
      "label_mean": 0.5332480072975159,
      "label_std": 0.11646948754787445,
      "pred_mean": 0.5314872860908508,
      "pred_std": 0.0785224661231041
    },
    "timbre_depth": {
      "r2": 0.4432324171066284,
      "mae": 0.07563108205795288,
      "pearson": 0.6696381568908691,
      "p_value": 1.9384680324682374e-130,
      "label_mean": 0.5938758254051208,
      "label_std": 0.128086119890213,
      "pred_mean": 0.5902336835861206,
      "pred_std": 0.09424276649951935
    },
    "timbre_brightness": {
      "r2": 0.35867661237716675,
      "mae": 0.06179525703191757,
      "pearson": 0.6024952530860901,
      "p_value": 2.38623371268634e-99,
      "label_mean": 0.4967922568321228,
      "label_std": 0.10502893477678299,
      "pred_mean": 0.4990115761756897,
      "pred_std": 0.06981949508190155
    },
    "timbre_loudness": {
      "r2": 0.5763652920722961,
      "mae": 0.060891490429639816,
      "pearson": 0.7602436542510986,
      "p_value": 3.1976728727799294e-188,
      "label_mean": 0.5845330357551575,
      "label_std": 0.12392674386501312,
      "pred_mean": 0.5869311690330505,
      "pred_std": 0.08986706286668777
    },
    "dynamic_range": {
      "r2": 0.509417712688446,
      "mae": 0.0676080584526062,
      "pearson": 0.717905580997467,
      "p_value": 2.2127458264968338e-158,
      "label_mean": 0.5251308083534241,
      "label_std": 0.12373863160610199,
      "pred_mean": 0.5324165225028992,
      "pred_std": 0.09502429515123367
    },
    "tempo": {
      "r2": 0.2746243476867676,
      "mae": 0.06663487106561661,
      "pearson": 0.5246233940124512,
      "p_value": 1.8700692443454048e-71,
      "label_mean": 0.5355068445205688,
      "label_std": 0.10194859653711319,
      "pred_mean": 0.5350252389907837,
      "pred_std": 0.05594639480113983
    },
    "space": {
      "r2": 0.5883388519287109,
      "mae": 0.05902373045682907,
      "pearson": 0.7690328359603882,
      "p_value": 3.316474849243571e-195,
      "label_mean": 0.5221661329269409,
      "label_std": 0.11978843063116074,
      "pred_mean": 0.518366813659668,
      "pred_std": 0.08667539060115814
    },
    "balance": {
      "r2": 0.4059109687805176,
      "mae": 0.06850374490022659,
      "pearson": 0.641105592250824,
      "p_value": 2.831537662124531e-116,
      "label_mean": 0.5606911778450012,
      "label_std": 0.11247605830430984,
      "pred_mean": 0.5564343929290771,
      "pred_std": 0.07892575114965439
    },
    "drama": {
      "r2": 0.37030452489852905,
      "mae": 0.06730502098798752,
      "pearson": 0.6125413775444031,
      "p_value": 1.579405500365071e-103,
      "label_mean": 0.611358106136322,
      "label_std": 0.10769057273864746,
      "pred_mean": 0.6062514781951904,
      "pred_std": 0.07151257246732712
    },
    "mood_valence": {
      "r2": 0.3075796961784363,
      "mae": 0.07557852566242218,
      "pearson": 0.5643182992935181,
      "p_value": 9.569620649167735e-85,
      "label_mean": 0.5852612853050232,
      "label_std": 0.11473122239112854,
      "pred_mean": 0.580810546875,
      "pred_std": 0.07585106790065765
    },
    "mood_energy": {
      "r2": 0.4108952283859253,
      "mae": 0.06449950486421585,
      "pearson": 0.6429587602615356,
      "p_value": 3.78329547836986e-117,
      "label_mean": 0.5104852318763733,
      "label_std": 0.11218187212944031,
      "pred_mean": 0.5077387094497681,
      "pred_std": 0.07701996713876724
    },
    "mood_imagination": {
      "r2": 0.4745737910270691,
      "mae": 0.0551505945622921,
      "pearson": 0.6893513202667236,
      "p_value": 3.461110405548462e-141,
      "label_mean": 0.6025237441062927,
      "label_std": 0.0976666808128357,
      "pred_mean": 0.6001359224319458,
      "pred_std": 0.06789310276508331
    },
    "sophistication": {
      "r2": 0.5012693405151367,
      "mae": 0.06524860858917236,
      "pearson": 0.7090086340904236,
      "p_value": 8.437851138453967e-153,
      "label_mean": 0.5498096942901611,
      "label_std": 0.11772658675909042,
      "pred_mean": 0.5456916093826294,
      "pred_std": 0.08513554185628891
    },
    "interpretation": {
      "r2": 0.37501001358032227,
      "mae": 0.07117270678281784,
      "pearson": 0.616258978843689,
      "p_value": 4.107234572275073e-105,
      "label_mean": 0.5661763548851013,
      "label_std": 0.11534003168344498,
      "pred_mean": 0.5600220561027527,
      "pred_std": 0.0761309415102005
    }
  },
  "training_time_seconds": 2364.5896508693695
}