{
  "experiment_id": "D10c_contrastive_0.2",
  "description": "MERT + contrastive auxiliary loss (lambda=0.2)",
  "config": {
    "input_dim": 1024,
    "hidden_dim": 512,
    "num_labels": 19,
    "dropout": 0.2,
    "learning_rate": 0.0001,
    "weight_decay": 1e-05,
    "gradient_clip_val": 1.0,
    "batch_size": 64,
    "max_epochs": 200,
    "patience": 15,
    "max_frames": 1000,
    "n_folds": 4,
    "num_workers": 2,
    "seed": 42
  },
  "summary": {
    "avg_r2": 0.46434006094932556,
    "std_r2": 0.0,
    "r2_ci_95": [
      0.381119479238987,
      0.43444057628512384
    ],
    "overall_r2": 0.4090815484523773,
    "overall_mae": 0.07339272648096085,
    "dispersion_ratio": 0.672668993473053
  },
  "fold_results": {
    "3": 0.46434006094932556
  },
  "per_dimension": {
    "timing": {
      "r2": 0.27771222591400146,
      "mae": 0.09112071990966797,
      "pearson": 0.5291706323623657,
      "p_value": 6.882930029909129e-73,
      "label_mean": 0.4841463267803192,
      "label_std": 0.13315917551517487,
      "pred_mean": 0.48027926683425903,
      "pred_std": 0.06536564975976944
    },
    "articulation_length": {
      "r2": 0.5695478916168213,
      "mae": 0.0663071796298027,
      "pearson": 0.7563261985778809,
      "p_value": 3.3218576944581683e-185,
      "label_mean": 0.5528336763381958,
      "label_std": 0.12750078737735748,
      "pred_mean": 0.5467627048492432,
      "pred_std": 0.09456527233123779
    },
    "articulation_touch": {
      "r2": 0.4349815845489502,
      "mae": 0.07131706178188324,
      "pearson": 0.6611166596412659,
      "p_value": 4.798971923424577e-126,
      "label_mean": 0.5556268692016602,
      "label_std": 0.11905946582555771,
      "pred_mean": 0.5506485104560852,
      "pred_std": 0.08092422038316727
    },
    "pedal_amount": {
      "r2": 0.42586827278137207,
      "mae": 0.10933694243431091,
      "pearson": 0.6570558547973633,
      "p_value": 5.302607608269083e-124,
      "label_mean": 0.6203432083129883,
      "label_std": 0.17973750829696655,
      "pred_mean": 0.6128056049346924,
      "pred_std": 0.12959988415241241
    },
    "pedal_clarity": {
      "r2": 0.34311801195144653,
      "mae": 0.10782325267791748,
      "pearson": 0.5915690064430237,
      "p_value": 5.719322628276322e-95,
      "label_mean": 0.5288309454917908,
      "label_std": 0.16834025084972382,
      "pred_mean": 0.5261778235435486,
      "pred_std": 0.11324792355298996
    },
    "timbre_variety": {
      "r2": 0.3383716344833374,
      "mae": 0.07585154473781586,
      "pearson": 0.5842505693435669,
      "p_value": 3.966358108895045e-92,
      "label_mean": 0.5332480072975159,
      "label_std": 0.11646948009729385,
      "pred_mean": 0.5325577855110168,
      "pred_std": 0.07436453551054001
    },
    "timbre_depth": {
      "r2": 0.4123673439025879,
      "mae": 0.07872668653726578,
      "pearson": 0.645241916179657,
      "p_value": 3.107857488702847e-118,
      "label_mean": 0.5938758254051208,
      "label_std": 0.128086119890213,
      "pred_mean": 0.5916266441345215,
      "pred_std": 0.09039708971977234
    },
    "timbre_brightness": {
      "r2": 0.38596630096435547,
      "mae": 0.060293640941381454,
      "pearson": 0.6219122409820557,
      "p_value": 1.4529544783408974e-107,
      "label_mean": 0.4967922568321228,
      "label_std": 0.10502892732620239,
      "pred_mean": 0.49536946415901184,
      "pred_std": 0.06794412434101105
    },
    "timbre_loudness": {
      "r2": 0.5704523324966431,
      "mae": 0.06263157725334167,
      "pearson": 0.7593015432357788,
      "p_value": 1.7201605540338236e-187,
      "label_mean": 0.5845330357551575,
      "label_std": 0.12392674386501312,
      "pred_mean": 0.5781470537185669,
      "pred_std": 0.08683858066797256
    },
    "dynamic_range": {
      "r2": 0.5186412334442139,
      "mae": 0.06742998212575912,
      "pearson": 0.7202121019363403,
      "p_value": 7.286442186703008e-160,
      "label_mean": 0.5251308679580688,
      "label_std": 0.12373863160610199,
      "pred_mean": 0.5243225693702698,
      "pred_std": 0.08969396352767944
    },
    "tempo": {
      "r2": 0.2530037760734558,
      "mae": 0.06782076507806778,
      "pearson": 0.5058658123016357,
      "p_value": 9.182049879453011e-66,
      "label_mean": 0.5355067849159241,
      "label_std": 0.10194860398769379,
      "pred_mean": 0.5348840951919556,
      "pred_std": 0.05702364444732666
    },
    "space": {
      "r2": 0.5732319355010986,
      "mae": 0.06032611429691315,
      "pearson": 0.7609095573425293,
      "p_value": 9.689294389300829e-189,
      "label_mean": 0.5221661329269409,
      "label_std": 0.11978843063116074,
      "pred_mean": 0.5167296528816223,
      "pred_std": 0.08386985212564468
    },
    "balance": {
      "r2": 0.3490399122238159,
      "mae": 0.07152587175369263,
      "pearson": 0.6004005670547485,
      "p_value": 1.6999515461350682e-98,
      "label_mean": 0.560691237449646,
      "label_std": 0.11247605830430984,
      "pred_mean": 0.5572583079338074,
      "pred_std": 0.07906126230955124
    },
    "drama": {
      "r2": 0.3139268755912781,
      "mae": 0.07019223272800446,
      "pearson": 0.5671747922897339,
      "p_value": 8.988981718266786e-86,
      "label_mean": 0.611358106136322,
      "label_std": 0.10769057273864746,
      "pred_mean": 0.607139527797699,
      "pred_std": 0.06957655400037766
    },
    "mood_valence": {
      "r2": 0.28044289350509644,
      "mae": 0.07705970108509064,
      "pearson": 0.5412995219230652,
      "p_value": 8.0170252570733e-77,
      "label_mean": 0.5852612853050232,
      "label_std": 0.11473122984170914,
      "pred_mean": 0.5813165903091431,
      "pred_std": 0.07434327900409698
    },
    "mood_energy": {
      "r2": 0.4330737590789795,
      "mae": 0.06333651393651962,
      "pearson": 0.6612076759338379,
      "p_value": 4.31471923480572e-126,
      "label_mean": 0.5104852318763733,
      "label_std": 0.11218187212944031,
      "pred_mean": 0.5048438906669617,
      "pred_std": 0.07865278422832489
    },
    "mood_imagination": {
      "r2": 0.44227176904678345,
      "mae": 0.05692742019891739,
      "pearson": 0.6655805110931396,
      "p_value": 2.498692729154154e-128,
      "label_mean": 0.6025237441062927,
      "label_std": 0.0976666808128357,
      "pred_mean": 0.6005552411079407,
      "pred_std": 0.0667504295706749
    },
    "sophistication": {
      "r2": 0.5014282464981079,
      "mae": 0.0639355480670929,
      "pearson": 0.7107634544372559,
      "p_value": 6.953743799271986e-154,
      "label_mean": 0.5498096346855164,
      "label_std": 0.11772658675909042,
      "pred_mean": 0.5428258180618286,
      "pred_std": 0.08548848330974579
    },
    "interpretation": {
      "r2": 0.34910011291503906,
      "mae": 0.07249926030635834,
      "pearson": 0.5943709015846252,
      "p_value": 4.469337031398463e-96,
      "label_mean": 0.5661763548851013,
      "label_std": 0.11534003168344498,
      "pred_mean": 0.5668630003929138,
      "pred_std": 0.07597705721855164
    }
  },
  "training_time_seconds": 678.1592268943787
}