{
  "experiment_id": "D10d_contrastive_warmup",
  "description": "MERT + contrastive warmup (0.5 -> 0.05)",
  "config": {
    "input_dim": 1024,
    "hidden_dim": 512,
    "num_labels": 19,
    "dropout": 0.2,
    "learning_rate": 0.0001,
    "weight_decay": 1e-05,
    "gradient_clip_val": 1.0,
    "batch_size": 64,
    "max_epochs": 200,
    "patience": 15,
    "max_frames": 1000,
    "n_folds": 4,
    "num_workers": 2,
    "seed": 42
  },
  "summary": {
    "avg_r2": 0.41177547723054886,
    "std_r2": 0.03465376436892873,
    "r2_ci_95": [
      0.3888052128255367,
      0.4459229610860348
    ],
    "overall_r2": 0.41875383257865906,
    "overall_mae": 0.07182370871305466,
    "dispersion_ratio": 0.7093507051467896
  },
  "fold_results": {
    "0": 0.40013235807418823,
    "1": 0.38701334595680237,
    "2": 0.38879474997520447,
    "3": 0.47116145491600037
  },
  "per_dimension": {
    "timing": {
      "r2": 0.28171777725219727,
      "mae": 0.09022216498851776,
      "pearson": 0.5312513709068298,
      "p_value": 1.4935910210789053e-73,
      "label_mean": 0.4841463267803192,
      "label_std": 0.13315917551517487,
      "pred_mean": 0.48361003398895264,
      "pred_std": 0.06778158247470856
    },
    "articulation_length": {
      "r2": 0.5969735383987427,
      "mae": 0.06449388712644577,
      "pearson": 0.7735973596572876,
      "p_value": 5.884795661628635e-199,
      "label_mean": 0.5528336763381958,
      "label_std": 0.12750078737735748,
      "pred_mean": 0.5501775145530701,
      "pred_std": 0.0945119634270668
    },
    "articulation_touch": {
      "r2": 0.46399855613708496,
      "mae": 0.0676778182387352,
      "pearson": 0.6858032941818237,
      "p_value": 3.442700827109475e-139,
      "label_mean": 0.5556268692016602,
      "label_std": 0.11905946582555771,
      "pred_mean": 0.5586163401603699,
      "pred_std": 0.09063788503408432
    },
    "pedal_amount": {
      "r2": 0.5265927314758301,
      "mae": 0.09759276360273361,
      "pearson": 0.72701096534729,
      "p_value": 2.5382508553820017e-164,
      "label_mean": 0.6203432083129883,
      "label_std": 0.17973750829696655,
      "pred_mean": 0.6192067861557007,
      "pred_std": 0.13853095471858978
    },
    "pedal_clarity": {
      "r2": 0.4255332946777344,
      "mae": 0.10188675671815872,
      "pearson": 0.6540212035179138,
      "p_value": 1.7016256947028803e-122,
      "label_mean": 0.5288309454917908,
      "label_std": 0.16834025084972382,
      "pred_mean": 0.5293079018592834,
      "pred_std": 0.11799834668636322
    },
    "timbre_variety": {
      "r2": 0.28778398036956787,
      "mae": 0.07809393107891083,
      "pearson": 0.559197723865509,
      "p_value": 6.2713382402872366e-83,
      "label_mean": 0.5332480072975159,
      "label_std": 0.11646948009729385,
      "pred_mean": 0.5285887122154236,
      "pred_std": 0.08291449397802353
    },
    "timbre_depth": {
      "r2": 0.44261622428894043,
      "mae": 0.07525947690010071,
      "pearson": 0.6740760803222656,
      "p_value": 8.724037612551988e-133,
      "label_mean": 0.5938758254051208,
      "label_std": 0.128086119890213,
      "pred_mean": 0.587986946105957,
      "pred_std": 0.09892135113477707
    },
    "timbre_brightness": {
      "r2": 0.3485807180404663,
      "mae": 0.06102612242102623,
      "pearson": 0.5962556600570679,
      "p_value": 7.93146477670496e-97,
      "label_mean": 0.4967922568321228,
      "label_std": 0.10502892732620239,
      "pred_mean": 0.49409472942352295,
      "pred_std": 0.07094746828079224
    },
    "timbre_loudness": {
      "r2": 0.5951101183891296,
      "mae": 0.060437917709350586,
      "pearson": 0.773341715335846,
      "p_value": 9.59801083928343e-199,
      "label_mean": 0.5845330357551575,
      "label_std": 0.12392674386501312,
      "pred_mean": 0.5846971273422241,
      "pred_std": 0.08911186456680298
    },
    "dynamic_range": {
      "r2": 0.4855571985244751,
      "mae": 0.06864834576845169,
      "pearson": 0.7014892101287842,
      "p_value": 3.0285861758394993e-148,
      "label_mean": 0.5251308679580688,
      "label_std": 0.12373863160610199,
      "pred_mean": 0.5323658585548401,
      "pred_std": 0.09370309114456177
    },
    "tempo": {
      "r2": 0.24200624227523804,
      "mae": 0.06846433132886887,
      "pearson": 0.503105640411377,
      "p_value": 5.899518731957867e-65,
      "label_mean": 0.5355067849159241,
      "label_std": 0.10194860398769379,
      "pred_mean": 0.5310360193252563,
      "pred_std": 0.061062030494213104
    },
    "space": {
      "r2": 0.6067522764205933,
      "mae": 0.057066913694143295,
      "pearson": 0.780265748500824,
      "p_value": 1.3450568979332496e-204,
      "label_mean": 0.5221661329269409,
      "label_std": 0.11978843063116074,
      "pred_mean": 0.5193818807601929,
      "pred_std": 0.08879346400499344
    },
    "balance": {
      "r2": 0.3534685969352722,
      "mae": 0.07084870338439941,
      "pearson": 0.613137423992157,
      "p_value": 8.826654731245191e-104,
      "label_mean": 0.560691237449646,
      "label_std": 0.11247605830430984,
      "pred_mean": 0.5562911629676819,
      "pred_std": 0.0852387472987175
    },
    "drama": {
      "r2": 0.342445969581604,
      "mae": 0.06804067641496658,
      "pearson": 0.5920668840408325,
      "p_value": 3.6424216445052855e-95,
      "label_mean": 0.611358106136322,
      "label_std": 0.10769057273864746,
      "pred_mean": 0.6060050129890442,
      "pred_std": 0.07183782011270523
    },
    "mood_valence": {
      "r2": 0.2658461332321167,
      "mae": 0.07733406871557236,
      "pearson": 0.5419565439224243,
      "p_value": 4.8565862970397145e-77,
      "label_mean": 0.5852612853050232,
      "label_std": 0.11473122984170914,
      "pred_mean": 0.5835477709770203,
      "pred_std": 0.0812564492225647
    },
    "mood_energy": {
      "r2": 0.38421642780303955,
      "mae": 0.06468087434768677,
      "pearson": 0.6270085573196411,
      "p_value": 8.108744958755068e-110,
      "label_mean": 0.5104852318763733,
      "label_std": 0.11218187212944031,
      "pred_mean": 0.5035849809646606,
      "pred_std": 0.07838151603937149
    },
    "mood_imagination": {
      "r2": 0.52199387550354,
      "mae": 0.0527777336537838,
      "pearson": 0.7230265736579895,
      "p_value": 1.0797606746676173e-161,
      "label_mean": 0.6025237441062927,
      "label_std": 0.0976666808128357,
      "pred_mean": 0.6006380915641785,
      "pred_std": 0.06866046786308289
    },
    "sophistication": {
      "r2": 0.471548855304718,
      "mae": 0.0665597915649414,
      "pearson": 0.692112922668457,
      "p_value": 9.209467427712291e-143,
      "label_mean": 0.5498096346855164,
      "label_std": 0.11772658675909042,
      "pred_mean": 0.5425873398780823,
      "pred_std": 0.08864875137805939
    },
    "interpretation": {
      "r2": 0.31357669830322266,
      "mae": 0.07353807240724564,
      "pearson": 0.5750179290771484,
      "p_value": 1.2051867966470534e-88,
      "label_mean": 0.5661763548851013,
      "label_std": 0.11534003168344498,
      "pred_mean": 0.559887170791626,
      "pred_std": 0.08001634478569031
    }
  },
  "training_time_seconds": 2188.734409093857
}