{
  "experiment_id": "D1a_stats_mean_std",
  "description": "MERT + stats pooling (mean+std)",
  "config": {
    "input_dim": 1024,
    "hidden_dim": 512,
    "num_labels": 19,
    "dropout": 0.2,
    "learning_rate": 0.0001,
    "weight_decay": 1e-05,
    "gradient_clip_val": 1.0,
    "batch_size": 64,
    "max_epochs": 200,
    "patience": 15,
    "max_frames": 1000,
    "n_folds": 4,
    "num_workers": 2,
    "seed": 42
  },
  "summary": {
    "avg_r2": 0.46599818021059036,
    "std_r2": 0.033492213821224893,
    "r2_ci_95": [
      0.4471171759068966,
      0.49667113125324247
    ],
    "overall_r2": 0.4723241627216339,
    "overall_mae": 0.06866885721683502,
    "dispersion_ratio": 0.7206467390060425
  },
  "fold_results": {
    "0": 0.44107526540756226,
    "1": 0.49362698197364807,
    "2": 0.42528313398361206,
    "3": 0.5040073394775391
  },
  "per_dimension": {
    "timing": {
      "r2": 0.2916005253791809,
      "mae": 0.089187853038311,
      "pearson": 0.5404045581817627,
      "p_value": 1.5841725349443546e-76,
      "label_mean": 0.4841462969779968,
      "label_std": 0.13315917551517487,
      "pred_mean": 0.4813743531703949,
      "pred_std": 0.07172340154647827
    },
    "articulation_length": {
      "r2": 0.6378492116928101,
      "mae": 0.06036064028739929,
      "pearson": 0.7987645864486694,
      "p_value": 2.424845485105137e-221,
      "label_mean": 0.552833616733551,
      "label_std": 0.12750078737735748,
      "pred_mean": 0.5529892444610596,
      "pred_std": 0.10015992820262909
    },
    "articulation_touch": {
      "r2": 0.4952690601348877,
      "mae": 0.06590301543474197,
      "pearson": 0.7043054103851318,
      "p_value": 6.197055883259634e-150,
      "label_mean": 0.5556268692016602,
      "label_std": 0.11905945837497711,
      "pred_mean": 0.5545335412025452,
      "pred_std": 0.08698754012584686
    },
    "pedal_amount": {
      "r2": 0.5107204914093018,
      "mae": 0.09892649203538895,
      "pearson": 0.716481626033783,
      "p_value": 1.7890119755042257e-157,
      "label_mean": 0.6203432679176331,
      "label_std": 0.17973750829696655,
      "pred_mean": 0.615783154964447,
      "pred_std": 0.13677950203418732
    },
    "pedal_clarity": {
      "r2": 0.415286123752594,
      "mae": 0.10253691673278809,
      "pearson": 0.6452752351760864,
      "p_value": 2.99627233705541e-118,
      "label_mean": 0.5288309454917908,
      "label_std": 0.16834025084972382,
      "pred_mean": 0.5262637734413147,
      "pred_std": 0.11356671899557114
    },
    "timbre_variety": {
      "r2": 0.4289132356643677,
      "mae": 0.06972534209489822,
      "pearson": 0.6586995124816895,
      "p_value": 7.966136471882196e-125,
      "label_mean": 0.5332480072975159,
      "label_std": 0.11646948754787445,
      "pred_mean": 0.537595808506012,
      "pred_std": 0.0836854875087738
    },
    "timbre_depth": {
      "r2": 0.5074607729911804,
      "mae": 0.07059700787067413,
      "pearson": 0.7147564888000488,
      "p_value": 2.212746410626187e-156,
      "label_mean": 0.5938758254051208,
      "label_std": 0.128086119890213,
      "pred_mean": 0.5935994386672974,
      "pred_std": 0.09903176873922348
    },
    "timbre_brightness": {
      "r2": 0.3679068088531494,
      "mae": 0.059997349977493286,
      "pearson": 0.6161341667175293,
      "p_value": 4.646292755684731e-105,
      "label_mean": 0.4967922568321228,
      "label_std": 0.10502893477678299,
      "pred_mean": 0.49931707978248596,
      "pred_std": 0.07579557597637177
    },
    "timbre_loudness": {
      "r2": 0.6068511009216309,
      "mae": 0.05996807664632797,
      "pearson": 0.7812128663063049,
      "p_value": 2.0491771084966516e-205,
      "label_mean": 0.5845329761505127,
      "label_std": 0.12392674386501312,
      "pred_mean": 0.5811227560043335,
      "pred_std": 0.09039144963026047
    },
    "dynamic_range": {
      "r2": 0.5492361187934875,
      "mae": 0.06471074372529984,
      "pearson": 0.7426011562347412,
      "p_value": 4.500128378915507e-175,
      "label_mean": 0.5251308083534241,
      "label_std": 0.12373862415552139,
      "pred_mean": 0.5228591561317444,
      "pred_std": 0.09725832939147949
    },
    "tempo": {
      "r2": 0.3423636555671692,
      "mae": 0.06363118439912796,
      "pearson": 0.5859367251396179,
      "p_value": 8.91665352780984e-93,
      "label_mean": 0.5355068445205688,
      "label_std": 0.10194859653711319,
      "pred_mean": 0.5385961532592773,
      "pred_std": 0.05909135192632675
    },
    "space": {
      "r2": 0.6305640935897827,
      "mae": 0.05471326783299446,
      "pearson": 0.796159029006958,
      "p_value": 7.038987331062422e-219,
      "label_mean": 0.5221661329269409,
      "label_std": 0.11978843063116074,
      "pred_mean": 0.528782844543457,
      "pred_std": 0.09346190840005875
    },
    "balance": {
      "r2": 0.45698684453964233,
      "mae": 0.06513989716768265,
      "pearson": 0.681472897529602,
      "p_value": 8.641914431852975e-137,
      "label_mean": 0.560691237449646,
      "label_std": 0.11247605830430984,
      "pred_mean": 0.5622031092643738,
      "pred_std": 0.08621831983327866
    },
    "drama": {
      "r2": 0.39241695404052734,
      "mae": 0.06601662188768387,
      "pearson": 0.6307777166366577,
      "p_value": 1.6416043514675667e-111,
      "label_mean": 0.6113581657409668,
      "label_std": 0.10769057273864746,
      "pred_mean": 0.6130316853523254,
      "pred_std": 0.07571101188659668
    },
    "mood_valence": {
      "r2": 0.364721417427063,
      "mae": 0.07191220670938492,
      "pearson": 0.6110984086990356,
      "p_value": 6.42752627725269e-103,
      "label_mean": 0.5852612853050232,
      "label_std": 0.11473122239112854,
      "pred_mean": 0.5852430462837219,
      "pred_std": 0.08082571625709534
    },
    "mood_energy": {
      "r2": 0.44388145208358765,
      "mae": 0.061025891453027725,
      "pearson": 0.6697865724563599,
      "p_value": 1.620453755149366e-130,
      "label_mean": 0.5104852318763733,
      "label_std": 0.11218187212944031,
      "pred_mean": 0.509335994720459,
      "pred_std": 0.08276922255754471
    },
    "mood_imagination": {
      "r2": 0.5421628952026367,
      "mae": 0.05235199257731438,
      "pearson": 0.7378491759300232,
      "p_value": 1.0272249056977282e-171,
      "label_mean": 0.6025237441062927,
      "label_std": 0.09766668826341629,
      "pred_mean": 0.5999998450279236,
      "pred_std": 0.06816800683736801
    },
    "sophistication": {
      "r2": 0.5790122747421265,
      "mae": 0.05918140336871147,
      "pearson": 0.7615144848823547,
      "p_value": 3.264395260818863e-189,
      "label_mean": 0.5498096942901611,
      "label_std": 0.11772658675909042,
      "pred_mean": 0.552203893661499,
      "pred_std": 0.092225581407547
    },
    "interpretation": {
      "r2": 0.4109545946121216,
      "mae": 0.06882215291261673,
      "pearson": 0.6450633406639099,
      "p_value": 3.7817142209995246e-118,
      "label_mean": 0.5661763548851013,
      "label_std": 0.11534003168344498,
      "pred_mean": 0.5706583261489868,
      "pred_std": 0.08136231452226639
    }
  },
  "training_time_seconds": 4383.480448246002
}