{
  "experiment_id": "D1b_stats_full",
  "description": "MERT + stats pooling (mean+std+min+max)",
  "config": {
    "input_dim": 1024,
    "hidden_dim": 512,
    "num_labels": 19,
    "dropout": 0.2,
    "learning_rate": 0.0001,
    "weight_decay": 1e-05,
    "gradient_clip_val": 1.0,
    "batch_size": 64,
    "max_epochs": 200,
    "patience": 15,
    "max_frames": 1000,
    "n_folds": 4,
    "num_workers": 2,
    "seed": 42
  },
  "summary": {
    "avg_r2": 0.4197317957878113,
    "std_r2": 0.03334692120552063,
    "r2_ci_95": [
      0.370273070037365,
      0.41512639448046684
    ],
    "overall_r2": 0.39389368891716003,
    "overall_mae": 0.07443597167730331,
    "dispersion_ratio": 0.5984947681427002
  },
  "fold_results": {
    "2": 0.38638487458229065,
    "3": 0.4530787169933319
  },
  "per_dimension": {
    "timing": {
      "r2": 0.183555006980896,
      "mae": 0.09794231504201889,
      "pearson": 0.43208497762680054,
      "p_value": 1.607246603774216e-46,
      "label_mean": 0.4841463267803192,
      "label_std": 0.13315917551517487,
      "pred_mean": 0.48716700077056885,
      "pred_std": 0.05071006342768669
    },
    "articulation_length": {
      "r2": 0.5825778841972351,
      "mae": 0.06559856235980988,
      "pearson": 0.7664772272109985,
      "p_value": 3.829669446252735e-193,
      "label_mean": 0.5528336763381958,
      "label_std": 0.12750078737735748,
      "pred_mean": 0.5534794330596924,
      "pred_std": 0.08881614357233047
    },
    "articulation_touch": {
      "r2": 0.429407000541687,
      "mae": 0.07205385714769363,
      "pearson": 0.655896008014679,
      "p_value": 2.00599519516523e-123,
      "label_mean": 0.5556268692016602,
      "label_std": 0.11905946582555771,
      "pred_mean": 0.5548774003982544,
      "pred_std": 0.07482346147298813
    },
    "pedal_amount": {
      "r2": 0.43565642833709717,
      "mae": 0.10652197152376175,
      "pearson": 0.6605796813964844,
      "p_value": 8.977505821321098e-126,
      "label_mean": 0.6203432083129883,
      "label_std": 0.17973752319812775,
      "pred_mean": 0.6218708157539368,
      "pred_std": 0.11419513076543808
    },
    "pedal_clarity": {
      "r2": 0.32596904039382935,
      "mae": 0.11227987706661224,
      "pearson": 0.5737483501434326,
      "p_value": 3.5589783198243356e-88,
      "label_mean": 0.5288309454917908,
      "label_std": 0.16834025084972382,
      "pred_mean": 0.5339019894599915,
      "pred_std": 0.08849288523197174
    },
    "timbre_variety": {
      "r2": 0.2905256748199463,
      "mae": 0.07817457616329193,
      "pearson": 0.54143226146698,
      "p_value": 7.245844647534392e-77,
      "label_mean": 0.5332480072975159,
      "label_std": 0.11646948009729385,
      "pred_mean": 0.5360298752784729,
      "pred_std": 0.06833716481924057
    },
    "timbre_depth": {
      "r2": 0.42056214809417725,
      "mae": 0.07678738981485367,
      "pearson": 0.648666262626648,
      "p_value": 7.031615344201567e-120,
      "label_mean": 0.5938758254051208,
      "label_std": 0.128086119890213,
      "pred_mean": 0.5952436327934265,
      "pred_std": 0.08431266993284225
    },
    "timbre_brightness": {
      "r2": 0.3329125642776489,
      "mae": 0.06336241215467453,
      "pearson": 0.5771216154098511,
      "p_value": 1.9827692359596423e-89,
      "label_mean": 0.4967922270298004,
      "label_std": 0.10502893477678299,
      "pred_mean": 0.49788689613342285,
      "pred_std": 0.061343561857938766
    },
    "timbre_loudness": {
      "r2": 0.5398073792457581,
      "mae": 0.06521081924438477,
      "pearson": 0.7423577904701233,
      "p_value": 6.715348656112009e-175,
      "label_mean": 0.5845330357551575,
      "label_std": 0.12392674386501312,
      "pred_mean": 0.5856289267539978,
      "pred_std": 0.07887722551822662
    },
    "dynamic_range": {
      "r2": 0.49578535556793213,
      "mae": 0.06902838498353958,
      "pearson": 0.706430196762085,
      "p_value": 3.1952500382416885e-151,
      "label_mean": 0.5251308083534241,
      "label_std": 0.12373862415552139,
      "pred_mean": 0.5274745225906372,
      "pred_std": 0.08074984699487686
    },
    "tempo": {
      "r2": 0.18622428178787231,
      "mae": 0.07126807421445847,
      "pearson": 0.4362833499908447,
      "p_value": 1.7107673231035283e-47,
      "label_mean": 0.5355068445205688,
      "label_std": 0.10194860398769379,
      "pred_mean": 0.5420447587966919,
      "pred_std": 0.04422372952103615
    },
    "space": {
      "r2": 0.5586493611335754,
      "mae": 0.06123103201389313,
      "pearson": 0.7524886131286621,
      "p_value": 2.638397993272605e-182,
      "label_mean": 0.5221661329269409,
      "label_std": 0.11978842318058014,
      "pred_mean": 0.5215007662773132,
      "pred_std": 0.0797247365117073
    },
    "balance": {
      "r2": 0.38446158170700073,
      "mae": 0.06868026405572891,
      "pearson": 0.6202713251113892,
      "p_value": 7.567198148082194e-107,
      "label_mean": 0.560691237449646,
      "label_std": 0.11247605830430984,
      "pred_mean": 0.5596328973770142,
      "pred_std": 0.0713009163737297
    },
    "drama": {
      "r2": 0.3383980393409729,
      "mae": 0.06864900141954422,
      "pearson": 0.5838661193847656,
      "p_value": 5.567307806523034e-92,
      "label_mean": 0.6113581657409668,
      "label_std": 0.10769057273864746,
      "pred_mean": 0.6063219904899597,
      "pred_std": 0.06478706002235413
    },
    "mood_valence": {
      "r2": 0.2655530571937561,
      "mae": 0.07796484977006912,
      "pearson": 0.517704963684082,
      "p_value": 2.5847148490061706e-69,
      "label_mean": 0.585261344909668,
      "label_std": 0.11473122239112854,
      "pred_mean": 0.5843457579612732,
      "pred_std": 0.06501961499452591
    },
    "mood_energy": {
      "r2": 0.41905146837234497,
      "mae": 0.06449664384126663,
      "pearson": 0.6486061811447144,
      "p_value": 7.518101834769169e-120,
      "label_mean": 0.5104852914810181,
      "label_std": 0.11218187212944031,
      "pred_mean": 0.5101748704910278,
      "pred_std": 0.06823140382766724
    },
    "mood_imagination": {
      "r2": 0.45972132682800293,
      "mae": 0.05682571232318878,
      "pearson": 0.684255838394165,
      "p_value": 2.5074744445067456e-138,
      "label_mean": 0.6025237441062927,
      "label_std": 0.0976666808128357,
      "pred_mean": 0.6021959185600281,
      "pred_std": 0.05783863365650177
    },
    "sophistication": {
      "r2": 0.4850153923034668,
      "mae": 0.06561475247144699,
      "pearson": 0.696792721748352,
      "p_value": 1.7955977979785913e-145,
      "label_mean": 0.5498096346855164,
      "label_std": 0.11772658675909042,
      "pred_mean": 0.5476834774017334,
      "pred_std": 0.08045779913663864
    },
    "interpretation": {
      "r2": 0.3501453399658203,
      "mae": 0.07259334623813629,
      "pearson": 0.5918135046958923,
      "p_value": 4.582710442078507e-95,
      "label_mean": 0.5661763548851013,
      "label_std": 0.11534003168344498,
      "pred_mean": 0.5653229355812073,
      "pred_std": 0.0690169483423233
    }
  },
  "training_time_seconds": 1870.7187864780426
}