{
  "experiment_id": "D2a_uncertainty_mean",
  "description": "MERT + uncertainty-weighted loss (mean pool)",
  "config": {
    "input_dim": 1024,
    "hidden_dim": 512,
    "num_labels": 19,
    "dropout": 0.2,
    "learning_rate": 0.0001,
    "weight_decay": 1e-05,
    "gradient_clip_val": 1.0,
    "batch_size": 64,
    "max_epochs": 200,
    "patience": 15,
    "max_frames": 1000,
    "n_folds": 4,
    "num_workers": 2,
    "seed": 42
  },
  "summary": {
    "avg_r2": 0.4595610052347183,
    "std_r2": 0.024319677031746877,
    "r2_ci_95": [
      0.43760276585817337,
      0.48999008610844613
    ],
    "overall_r2": 0.4652586877346039,
    "overall_mae": 0.06923849880695343,
    "dispersion_ratio": 0.7042137384414673
  },
  "fold_results": {
    "0": 0.43251559138298035,
    "1": 0.47169265151023865,
    "2": 0.4407886564731598,
    "3": 0.4932471215724945
  },
  "per_dimension": {
    "timing": {
      "r2": 0.2691883444786072,
      "mae": 0.09069564193487167,
      "pearson": 0.5192056894302368,
      "p_value": 8.959324973044602e-70,
      "label_mean": 0.4841463267803192,
      "label_std": 0.13315919041633606,
      "pred_mean": 0.4825889766216278,
      "pred_std": 0.07124048471450806
    },
    "articulation_length": {
      "r2": 0.6381317377090454,
      "mae": 0.06084829941391945,
      "pearson": 0.7998790740966797,
      "p_value": 2.089905468450342e-222,
      "label_mean": 0.5528336763381958,
      "label_std": 0.12750078737735748,
      "pred_mean": 0.5543598532676697,
      "pred_std": 0.09699545800685883
    },
    "articulation_touch": {
      "r2": 0.4836941957473755,
      "mae": 0.06695187091827393,
      "pearson": 0.6966668367385864,
      "p_value": 2.12713153621824e-145,
      "label_mean": 0.5556268095970154,
      "label_std": 0.11905946582555771,
      "pred_mean": 0.5534407496452332,
      "pred_std": 0.08725939691066742
    },
    "pedal_amount": {
      "r2": 0.5136823654174805,
      "mae": 0.09936632215976715,
      "pearson": 0.7171390056610107,
      "p_value": 6.827713986990583e-158,
      "label_mean": 0.6203432083129883,
      "label_std": 0.17973752319812775,
      "pred_mean": 0.6225647330284119,
      "pred_std": 0.13272280991077423
    },
    "pedal_clarity": {
      "r2": 0.4163074493408203,
      "mae": 0.10366637259721756,
      "pearson": 0.6454921960830688,
      "p_value": 2.3601732643595077e-118,
      "label_mean": 0.5288309454917908,
      "label_std": 0.16834025084972382,
      "pred_mean": 0.5314542651176453,
      "pred_std": 0.11042724549770355
    },
    "timbre_variety": {
      "r2": 0.41394132375717163,
      "mae": 0.0711965560913086,
      "pearson": 0.6452666521072388,
      "p_value": 3.0246803874108252e-118,
      "label_mean": 0.5332480072975159,
      "label_std": 0.11646948754787445,
      "pred_mean": 0.5359215140342712,
      "pred_std": 0.08023183047771454
    },
    "timbre_depth": {
      "r2": 0.5183055400848389,
      "mae": 0.07044408470392227,
      "pearson": 0.7202819585800171,
      "p_value": 6.567286333218086e-160,
      "label_mean": 0.5938757658004761,
      "label_std": 0.128086119890213,
      "pred_mean": 0.594210147857666,
      "pred_std": 0.09510377794504166
    },
    "timbre_brightness": {
      "r2": 0.38334906101226807,
      "mae": 0.05908127501606941,
      "pearson": 0.6225184798240662,
      "p_value": 7.87708428346512e-108,
      "label_mean": 0.4967922568321228,
      "label_std": 0.10502893477678299,
      "pred_mean": 0.492885023355484,
      "pred_std": 0.07093636691570282
    },
    "timbre_loudness": {
      "r2": 0.5833813548088074,
      "mae": 0.06097669154405594,
      "pearson": 0.7647234797477722,
      "p_value": 9.62116696659782e-192,
      "label_mean": 0.5845330357551575,
      "label_std": 0.12392673641443253,
      "pred_mean": 0.5866089463233948,
      "pred_std": 0.09058533608913422
    },
    "dynamic_range": {
      "r2": 0.5150638818740845,
      "mae": 0.06652916967868805,
      "pearson": 0.7197167873382568,
      "p_value": 1.5209290925934406e-159,
      "label_mean": 0.5251308679580688,
      "label_std": 0.12373863160610199,
      "pred_mean": 0.5276771187782288,
      "pred_std": 0.0952497199177742
    },
    "tempo": {
      "r2": 0.3228999376296997,
      "mae": 0.06432235985994339,
      "pearson": 0.5693349838256836,
      "p_value": 1.4798402954354916e-86,
      "label_mean": 0.5355068445205688,
      "label_std": 0.10194860398769379,
      "pred_mean": 0.5380260944366455,
      "pred_std": 0.06060557812452316
    },
    "space": {
      "r2": 0.6329859495162964,
      "mae": 0.054636478424072266,
      "pearson": 0.7963145971298218,
      "p_value": 5.028918310755208e-219,
      "label_mean": 0.5221661329269409,
      "label_std": 0.11978843063116074,
      "pred_mean": 0.5229788422584534,
      "pred_std": 0.09144396334886551
    },
    "balance": {
      "r2": 0.44185560941696167,
      "mae": 0.06595034897327423,
      "pearson": 0.6684178113937378,
      "p_value": 8.426338949530552e-130,
      "label_mean": 0.560691237449646,
      "label_std": 0.11247605830430984,
      "pred_mean": 0.5593861937522888,
      "pred_std": 0.08296713978052139
    },
    "drama": {
      "r2": 0.404275119304657,
      "mae": 0.0654810443520546,
      "pearson": 0.638495147228241,
      "p_value": 4.712234138428273e-115,
      "label_mean": 0.611358106136322,
      "label_std": 0.10769057273864746,
      "pred_mean": 0.6124030947685242,
      "pred_std": 0.07495258748531342
    },
    "mood_valence": {
      "r2": 0.3746984601020813,
      "mae": 0.07150180637836456,
      "pearson": 0.615028440952301,
      "p_value": 1.3821376519230647e-104,
      "label_mean": 0.5852612853050232,
      "label_std": 0.11473122239112854,
      "pred_mean": 0.5864608883857727,
      "pred_std": 0.07730404287576675
    },
    "mood_energy": {
      "r2": 0.4420905113220215,
      "mae": 0.06149934232234955,
      "pearson": 0.6680772304534912,
      "p_value": 1.2682455140326458e-129,
      "label_mean": 0.5104852914810181,
      "label_std": 0.11218187212944031,
      "pred_mean": 0.5076442956924438,
      "pred_std": 0.08167271316051483
    },
    "mood_imagination": {
      "r2": 0.5075486898422241,
      "mae": 0.05351584404706955,
      "pearson": 0.7127198576927185,
      "p_value": 4.207039401329331e-155,
      "label_mean": 0.6025237441062927,
      "label_std": 0.09766668826341629,
      "pred_mean": 0.6045272946357727,
      "pred_std": 0.06961178034543991
    },
    "sophistication": {
      "r2": 0.5600185394287109,
      "mae": 0.06096142157912254,
      "pearson": 0.7485733032226562,
      "p_value": 2.1162317330657832e-179,
      "label_mean": 0.5498095750808716,
      "label_std": 0.11772658675909042,
      "pred_mean": 0.5478327870368958,
      "pred_std": 0.08905073255300522
    },
    "interpretation": {
      "r2": 0.4184953570365906,
      "mae": 0.0679067000746727,
      "pearson": 0.6478976011276245,
      "p_value": 1.6529282139678753e-119,
      "label_mean": 0.5661763548851013,
      "label_std": 0.11534003168344498,
      "pred_mean": 0.5674332976341248,
      "pred_std": 0.07865208387374878
    }
  },
  "training_time_seconds": 1992.5766043663025
}