{
  "experiment_id": "D2b_uncertainty_attn",
  "description": "MERT + uncertainty-weighted loss (attention pool)",
  "config": {
    "input_dim": 1024,
    "hidden_dim": 512,
    "num_labels": 19,
    "dropout": 0.2,
    "learning_rate": 0.0001,
    "weight_decay": 1e-05,
    "gradient_clip_val": 1.0,
    "batch_size": 64,
    "max_epochs": 200,
    "patience": 15,
    "max_frames": 1000,
    "n_folds": 4,
    "num_workers": 2,
    "seed": 42
  },
  "summary": {
    "avg_r2": 0.4307677149772644,
    "std_r2": 0.0,
    "r2_ci_95": [
      0.4035143584012985,
      0.45524740070104597
    ],
    "overall_r2": 0.4307677149772644,
    "overall_mae": 0.07138840854167938,
    "dispersion_ratio": 0.7050958275794983
  },
  "fold_results": {
    "0": 0.4307677149772644,
    "1": 0.4307677149772644,
    "2": 0.4307677149772644,
    "3": 0.4307677149772644
  },
  "per_dimension": {
    "timing": {
      "r2": 0.23088645935058594,
      "mae": 0.09338704496622086,
      "pearson": 0.48309019207954407,
      "p_value": 2.5884714736945823e-59,
      "label_mean": 0.4841463267803192,
      "label_std": 0.13315917551517487,
      "pred_mean": 0.4884398281574249,
      "pred_std": 0.06939849257469177
    },
    "articulation_length": {
      "r2": 0.5924900770187378,
      "mae": 0.06385353207588196,
      "pearson": 0.7701745629310608,
      "p_value": 3.896389141187698e-196,
      "label_mean": 0.552833616733551,
      "label_std": 0.12750078737735748,
      "pred_mean": 0.5555738806724548,
      "pred_std": 0.09632094949483871
    },
    "articulation_touch": {
      "r2": 0.4862099289894104,
      "mae": 0.06727957725524902,
      "pearson": 0.6976319551467896,
      "p_value": 5.7897418858249474e-146,
      "label_mean": 0.5556268692016602,
      "label_std": 0.11905945837497711,
      "pred_mean": 0.5570213198661804,
      "pred_std": 0.08526510745286942
    },
    "pedal_amount": {
      "r2": 0.4388769865036011,
      "mae": 0.10465330630540848,
      "pearson": 0.6719088554382324,
      "p_value": 1.2355077239162533e-131,
      "label_mean": 0.6203432679176331,
      "label_std": 0.17973750829696655,
      "pred_mean": 0.617638349533081,
      "pred_std": 0.14074799418449402
    },
    "pedal_clarity": {
      "r2": 0.3320273160934448,
      "mae": 0.10803099721670151,
      "pearson": 0.5885929465293884,
      "p_value": 8.34419864215317e-94,
      "label_mean": 0.5288309454917908,
      "label_std": 0.16834025084972382,
      "pred_mean": 0.5259749889373779,
      "pred_std": 0.11909203976392746
    },
    "timbre_variety": {
      "r2": 0.3655701279640198,
      "mae": 0.0733327865600586,
      "pearson": 0.6102314591407776,
      "p_value": 1.4885601902494937e-102,
      "label_mean": 0.5332480072975159,
      "label_std": 0.11646948754787445,
      "pred_mean": 0.53754723072052,
      "pred_std": 0.07967150211334229
    },
    "timbre_depth": {
      "r2": 0.4526100754737854,
      "mae": 0.0746779516339302,
      "pearson": 0.6765856146812439,
      "p_value": 3.9388765953434513e-134,
      "label_mean": 0.5938758850097656,
      "label_std": 0.128086119890213,
      "pred_mean": 0.5932086110115051,
      "pred_std": 0.09583599120378494
    },
    "timbre_brightness": {
      "r2": 0.35822075605392456,
      "mae": 0.06044488027691841,
      "pearson": 0.6044918298721313,
      "p_value": 3.622181176389301e-100,
      "label_mean": 0.4967922568321228,
      "label_std": 0.10502893477678299,
      "pred_mean": 0.49412983655929565,
      "pred_std": 0.07198738306760788
    },
    "timbre_loudness": {
      "r2": 0.5805723667144775,
      "mae": 0.06157989799976349,
      "pearson": 0.7641524076461792,
      "p_value": 2.7324590728532908e-191,
      "label_mean": 0.5845330357551575,
      "label_std": 0.12392674386501312,
      "pred_mean": 0.590283215045929,
      "pred_std": 0.09039971977472305
    },
    "dynamic_range": {
      "r2": 0.5303999781608582,
      "mae": 0.06549957394599915,
      "pearson": 0.728949785232544,
      "p_value": 1.2836002411983907e-165,
      "label_mean": 0.5251308679580688,
      "label_std": 0.12373862415552139,
      "pred_mean": 0.5273993611335754,
      "pred_std": 0.09330902248620987
    },
    "tempo": {
      "r2": 0.26858967542648315,
      "mae": 0.06660696864128113,
      "pearson": 0.5226184725761414,
      "p_value": 7.893188345469715e-71,
      "label_mean": 0.5355068445205688,
      "label_std": 0.10194860398769379,
      "pred_mean": 0.5399324297904968,
      "pred_std": 0.05853430554270744
    },
    "space": {
      "r2": 0.6026686429977417,
      "mae": 0.057884685695171356,
      "pearson": 0.7770140171051025,
      "p_value": 8.01605031724279e-202,
      "label_mean": 0.5221661329269409,
      "label_std": 0.11978842318058014,
      "pred_mean": 0.5255687832832336,
      "pred_std": 0.0910891741514206
    },
    "balance": {
      "r2": 0.4280226230621338,
      "mae": 0.06666265428066254,
      "pearson": 0.6577427983283997,
      "p_value": 2.4048484751031267e-124,
      "label_mean": 0.5606911778450012,
      "label_std": 0.11247605830430984,
      "pred_mean": 0.5617458820343018,
      "pred_std": 0.08153802901506424
    },
    "drama": {
      "r2": 0.36282527446746826,
      "mae": 0.06722098588943481,
      "pearson": 0.6088041067123413,
      "p_value": 5.898288480887706e-102,
      "label_mean": 0.6113581657409668,
      "label_std": 0.10769057273864746,
      "pred_mean": 0.6091769337654114,
      "pred_std": 0.07483064383268356
    },
    "mood_valence": {
      "r2": 0.30513322353363037,
      "mae": 0.07508955895900726,
      "pearson": 0.5626738667488098,
      "p_value": 3.695855578863573e-84,
      "label_mean": 0.5852612853050232,
      "label_std": 0.11473122984170914,
      "pred_mean": 0.5887584686279297,
      "pred_std": 0.07633485645055771
    },
    "mood_energy": {
      "r2": 0.4561746120452881,
      "mae": 0.06168749928474426,
      "pearson": 0.6777295470237732,
      "p_value": 9.498999926414278e-135,
      "label_mean": 0.5104852318763733,
      "label_std": 0.11218187212944031,
      "pred_mean": 0.5059663653373718,
      "pred_std": 0.08040279895067215
    },
    "mood_imagination": {
      "r2": 0.4699568748474121,
      "mae": 0.05604536458849907,
      "pearson": 0.6865460872650146,
      "p_value": 1.3214505648083133e-139,
      "label_mean": 0.6025237441062927,
      "label_std": 0.0976666808128357,
      "pred_mean": 0.6022804379463196,
      "pred_std": 0.07068393379449844
    },
    "sophistication": {
      "r2": 0.5375944972038269,
      "mae": 0.06279725581407547,
      "pearson": 0.7332112789154053,
      "p_value": 1.658333187533897e-168,
      "label_mean": 0.5498096346855164,
      "label_std": 0.11772658675909042,
      "pred_mean": 0.5497417449951172,
      "pred_std": 0.08655481785535812
    },
    "interpretation": {
      "r2": 0.38575679063796997,
      "mae": 0.06964537501335144,
      "pearson": 0.6227725744247437,
      "p_value": 6.092376392322563e-108,
      "label_mean": 0.5661763548851013,
      "label_std": 0.11534003168344498,
      "pred_mean": 0.5655679702758789,
      "pred_std": 0.07706699520349503
    }
  },
  "training_time_seconds": 11.428514957427979
}