{
  "experiment_id": "D3_dimension_heads",
  "description": "MERT + dimension-specific heads (BiLSTM timing, MLP rest)",
  "config": {
    "input_dim": 1024,
    "hidden_dim": 512,
    "num_labels": 19,
    "dropout": 0.2,
    "learning_rate": 0.0001,
    "weight_decay": 1e-05,
    "gradient_clip_val": 1.0,
    "batch_size": 64,
    "max_epochs": 200,
    "patience": 15,
    "max_frames": 1000,
    "n_folds": 4,
    "num_workers": 2,
    "seed": 42
  },
  "summary": {
    "avg_r2": 0.4402833580970764,
    "std_r2": 0.024500234037724264,
    "r2_ci_95": [
      0.42013452872633933,
      0.47210611030459404
    ],
    "overall_r2": 0.447734534740448,
    "overall_mae": 0.07024799287319183,
    "dispersion_ratio": 0.7292494177818298
  },
  "fold_results": {
    "0": 0.43830832839012146,
    "1": 0.43070563673973083,
    "2": 0.4126031994819641,
    "3": 0.47951626777648926
  },
  "per_dimension": {
    "timing": {
      "r2": 0.22355598211288452,
      "mae": 0.09053265303373337,
      "pearson": 0.5410542488098145,
      "p_value": 9.664513379527956e-77,
      "label_mean": 0.4841463267803192,
      "label_std": 0.13315917551517487,
      "pred_mean": 0.4728297293186188,
      "pred_std": 0.10519233345985413
    },
    "articulation_length": {
      "r2": 0.6255711317062378,
      "mae": 0.0627119168639183,
      "pearson": 0.7952202558517456,
      "p_value": 5.321899440448139e-218,
      "label_mean": 0.552833616733551,
      "label_std": 0.12750078737735748,
      "pred_mean": 0.5446123480796814,
      "pred_std": 0.09483221173286438
    },
    "articulation_touch": {
      "r2": 0.4911447763442993,
      "mae": 0.06738431751728058,
      "pearson": 0.704404354095459,
      "p_value": 5.401053553718914e-150,
      "label_mean": 0.5556268692016602,
      "label_std": 0.11905945837497711,
      "pred_mean": 0.5634055733680725,
      "pred_std": 0.08717401325702667
    },
    "pedal_amount": {
      "r2": 0.49882686138153076,
      "mae": 0.1019645631313324,
      "pearson": 0.7096747159957886,
      "p_value": 3.279047702559927e-153,
      "label_mean": 0.6203432679176331,
      "label_std": 0.17973750829696655,
      "pred_mean": 0.60797518491745,
      "pred_std": 0.12912560999393463
    },
    "pedal_clarity": {
      "r2": 0.4046899080276489,
      "mae": 0.10279431939125061,
      "pearson": 0.6398292779922485,
      "p_value": 1.123598646134231e-115,
      "label_mean": 0.5288309454917908,
      "label_std": 0.16834025084972382,
      "pred_mean": 0.5173233151435852,
      "pred_std": 0.1069851964712143
    },
    "timbre_variety": {
      "r2": 0.40585005283355713,
      "mae": 0.0712103471159935,
      "pearson": 0.6402009129524231,
      "p_value": 7.527396737527274e-116,
      "label_mean": 0.5332480072975159,
      "label_std": 0.11646948754787445,
      "pred_mean": 0.5299130082130432,
      "pred_std": 0.08113918453454971
    },
    "timbre_depth": {
      "r2": 0.49380069971084595,
      "mae": 0.0722895935177803,
      "pearson": 0.7072018384933472,
      "p_value": 1.0814312525969979e-151,
      "label_mean": 0.5938758850097656,
      "label_std": 0.128086119890213,
      "pred_mean": 0.5848614573478699,
      "pred_std": 0.09534237533807755
    },
    "timbre_brightness": {
      "r2": 0.38242828845977783,
      "mae": 0.0597982257604599,
      "pearson": 0.6211844682693481,
      "p_value": 3.0243954048168935e-107,
      "label_mean": 0.4967922568321228,
      "label_std": 0.10502893477678299,
      "pred_mean": 0.49649539589881897,
      "pred_std": 0.0713968276977539
    },
    "timbre_loudness": {
      "r2": 0.6064506769180298,
      "mae": 0.05941484495997429,
      "pearson": 0.7802993059158325,
      "p_value": 1.2586503383581471e-204,
      "label_mean": 0.5845330357551575,
      "label_std": 0.12392674386501312,
      "pred_mean": 0.5902829766273499,
      "pred_std": 0.09468796104192734
    },
    "dynamic_range": {
      "r2": 0.5258358120918274,
      "mae": 0.0662122592329979,
      "pearson": 0.7323998808860779,
      "p_value": 5.942155527746152e-168,
      "label_mean": 0.5251308679580688,
      "label_std": 0.12373862415552139,
      "pred_mean": 0.5362820625305176,
      "pred_std": 0.09675365686416626
    },
    "tempo": {
      "r2": 0.2132442593574524,
      "mae": 0.07026073336601257,
      "pearson": 0.5443639159202576,
      "p_value": 7.6649190022235495e-78,
      "label_mean": 0.5355068445205688,
      "label_std": 0.10194860398769379,
      "pred_mean": 0.5374484658241272,
      "pred_std": 0.08481957763433456
    },
    "space": {
      "r2": 0.6398522853851318,
      "mae": 0.054329559206962585,
      "pearson": 0.8038036823272705,
      "p_value": 3.2881190224230936e-226,
      "label_mean": 0.5221661329269409,
      "label_std": 0.11978842318058014,
      "pred_mean": 0.5183367729187012,
      "pred_std": 0.08762651681900024
    },
    "balance": {
      "r2": 0.4286693334579468,
      "mae": 0.06660158187150955,
      "pearson": 0.6664130687713623,
      "p_value": 9.277747680924215e-129,
      "label_mean": 0.5606911778450012,
      "label_std": 0.11247605830430984,
      "pred_mean": 0.5506947040557861,
      "pred_std": 0.08472079783678055
    },
    "drama": {
      "r2": 0.36329710483551025,
      "mae": 0.06799416989088058,
      "pearson": 0.6138646602630615,
      "p_value": 4.3328389373979476e-104,
      "label_mean": 0.6113581657409668,
      "label_std": 0.10769057273864746,
      "pred_mean": 0.6051342487335205,
      "pred_std": 0.07697973400354385
    },
    "mood_valence": {
      "r2": 0.3317069411277771,
      "mae": 0.0736936628818512,
      "pearson": 0.5865464210510254,
      "p_value": 5.1870056962145806e-93,
      "label_mean": 0.5852612853050232,
      "label_std": 0.11473122984170914,
      "pred_mean": 0.5787136554718018,
      "pred_std": 0.07822362333536148
    },
    "mood_energy": {
      "r2": 0.4473535418510437,
      "mae": 0.06100331246852875,
      "pearson": 0.6714543104171753,
      "p_value": 2.1480048958835762e-131,
      "label_mean": 0.5104852318763733,
      "label_std": 0.11218187212944031,
      "pred_mean": 0.5087401270866394,
      "pred_std": 0.08172549307346344
    },
    "mood_imagination": {
      "r2": 0.5133730173110962,
      "mae": 0.053290192037820816,
      "pearson": 0.7165374755859375,
      "p_value": 1.6487437942677612e-157,
      "label_mean": 0.6025237441062927,
      "label_std": 0.0976666808128357,
      "pred_mean": 0.6028467416763306,
      "pred_std": 0.06934893876314163
    },
    "sophistication": {
      "r2": 0.533944308757782,
      "mae": 0.06266862899065018,
      "pearson": 0.7355984449386597,
      "p_value": 3.7755326747159395e-170,
      "label_mean": 0.5498096346855164,
      "label_std": 0.11772658675909042,
      "pred_mean": 0.5400035977363586,
      "pred_std": 0.08835619688034058
    },
    "interpretation": {
      "r2": 0.37735897302627563,
      "mae": 0.0705568790435791,
      "pearson": 0.6231033802032471,
      "p_value": 4.358467632065946e-108,
      "label_mean": 0.5661763548851013,
      "label_std": 0.11534003168344498,
      "pred_mean": 0.5580790638923645,
      "pred_std": 0.08078088611364365
    }
  },
  "training_time_seconds": 2289.7713050842285
}