{
  "experiment_id": "D4_multilayer_6_9_12",
  "description": "MERT concat layers [6,9,12] + attention pool",
  "config": {
    "input_dim": 3072,
    "hidden_dim": 512,
    "num_labels": 19,
    "dropout": 0.2,
    "learning_rate": 0.0001,
    "weight_decay": 1e-05,
    "gradient_clip_val": 1.0,
    "batch_size": 64,
    "max_epochs": 200,
    "patience": 15,
    "max_frames": 1000,
    "n_folds": 4,
    "num_workers": 2,
    "seed": 42
  },
  "summary": {
    "avg_r2": 0.44186702370643616,
    "std_r2": 0.03413406676374044,
    "r2_ci_95": [
      0.4196033291518688,
      0.4735425166785717
    ],
    "overall_r2": 0.4477492868900299,
    "overall_mae": 0.0699552595615387,
    "dispersion_ratio": 0.7464931607246399
  },
  "fold_results": {
    "0": 0.39911141991615295,
    "1": 0.43881234526634216,
    "2": 0.43499067425727844,
    "3": 0.49455365538597107
  },
  "per_dimension": {
    "timing": {
      "r2": 0.26525789499282837,
      "mae": 0.08958160877227783,
      "pearson": 0.5262763500213623,
      "p_value": 5.663398409597216e-72,
      "label_mean": 0.4841463267803192,
      "label_std": 0.13315917551517487,
      "pred_mean": 0.4851466119289398,
      "pred_std": 0.08445265144109726
    },
    "articulation_length": {
      "r2": 0.6022967100143433,
      "mae": 0.06342242658138275,
      "pearson": 0.7786778211593628,
      "p_value": 3.0895909178393895e-203,
      "label_mean": 0.552833616733551,
      "label_std": 0.12750078737735748,
      "pred_mean": 0.5447331666946411,
      "pred_std": 0.09959383308887482
    },
    "articulation_touch": {
      "r2": 0.4895505905151367,
      "mae": 0.06563892215490341,
      "pearson": 0.7043197154998779,
      "p_value": 6.075116675425935e-150,
      "label_mean": 0.5556268692016602,
      "label_std": 0.11905945837497711,
      "pred_mean": 0.5564457774162292,
      "pred_std": 0.09343136847019196
    },
    "pedal_amount": {
      "r2": 0.49602633714675903,
      "mae": 0.09810969233512878,
      "pearson": 0.7133798599243164,
      "p_value": 1.6245556329681935e-155,
      "label_mean": 0.6203432679176331,
      "label_std": 0.17973750829696655,
      "pred_mean": 0.6105666160583496,
      "pred_std": 0.14612802863121033
    },
    "pedal_clarity": {
      "r2": 0.4153357744216919,
      "mae": 0.10066822171211243,
      "pearson": 0.6546303033828735,
      "p_value": 8.510070350330918e-123,
      "label_mean": 0.5288309454917908,
      "label_std": 0.16834025084972382,
      "pred_mean": 0.5180571675300598,
      "pred_std": 0.1262672245502472
    },
    "timbre_variety": {
      "r2": 0.3781566023826599,
      "mae": 0.07282456010580063,
      "pearson": 0.6234983205795288,
      "p_value": 2.920466751628807e-108,
      "label_mean": 0.5332480072975159,
      "label_std": 0.11646948754787445,
      "pred_mean": 0.53424471616745,
      "pred_std": 0.0845647007226944
    },
    "timbre_depth": {
      "r2": 0.47895747423171997,
      "mae": 0.07322439551353455,
      "pearson": 0.6989890336990356,
      "p_value": 9.208135999016917e-147,
      "label_mean": 0.5938758850097656,
      "label_std": 0.128086119890213,
      "pred_mean": 0.5950242280960083,
      "pred_std": 0.10204651951789856
    },
    "timbre_brightness": {
      "r2": 0.34572285413742065,
      "mae": 0.06252589076757431,
      "pearson": 0.5997107625007629,
      "p_value": 3.2351983439503265e-98,
      "label_mean": 0.4967922568321228,
      "label_std": 0.10502893477678299,
      "pred_mean": 0.501505970954895,
      "pred_std": 0.07445196062326431
    },
    "timbre_loudness": {
      "r2": 0.5763216018676758,
      "mae": 0.061909131705760956,
      "pearson": 0.7606254816055298,
      "p_value": 1.6132847728845868e-188,
      "label_mean": 0.5845330357551575,
      "label_std": 0.12392674386501312,
      "pred_mean": 0.587420642375946,
      "pred_std": 0.08917254209518433
    },
    "dynamic_range": {
      "r2": 0.5439749956130981,
      "mae": 0.06490962952375412,
      "pearson": 0.7386014461517334,
      "p_value": 3.054431414454813e-172,
      "label_mean": 0.5251308679580688,
      "label_std": 0.12373862415552139,
      "pred_mean": 0.5225749015808105,
      "pred_std": 0.09555399417877197
    },
    "tempo": {
      "r2": 0.26910680532455444,
      "mae": 0.06759711354970932,
      "pearson": 0.5348762273788452,
      "p_value": 1.0167684337505269e-74,
      "label_mean": 0.5355068445205688,
      "label_std": 0.10194860398769379,
      "pred_mean": 0.5423653721809387,
      "pred_std": 0.06590981036424637
    },
    "space": {
      "r2": 0.6280303597450256,
      "mae": 0.05627276748418808,
      "pearson": 0.7927564382553101,
      "p_value": 1.0235750500323765e-215,
      "label_mean": 0.5221661329269409,
      "label_std": 0.11978842318058014,
      "pred_mean": 0.5198177099227905,
      "pred_std": 0.09413175284862518
    },
    "balance": {
      "r2": 0.40612661838531494,
      "mae": 0.0672343447804451,
      "pearson": 0.6539040207862854,
      "p_value": 1.9442118456451335e-122,
      "label_mean": 0.5606911778450012,
      "label_std": 0.11247605830430984,
      "pred_mean": 0.5615885853767395,
      "pred_std": 0.09000241756439209
    },
    "drama": {
      "r2": 0.38937515020370483,
      "mae": 0.0644880011677742,
      "pearson": 0.6307636499404907,
      "p_value": 1.665838987052386e-111,
      "label_mean": 0.6113581657409668,
      "label_std": 0.10769057273864746,
      "pred_mean": 0.608195424079895,
      "pred_std": 0.0773310586810112
    },
    "mood_valence": {
      "r2": 0.33077549934387207,
      "mae": 0.07406965643167496,
      "pearson": 0.5918951034545898,
      "p_value": 4.256278508385129e-95,
      "label_mean": 0.5852612853050232,
      "label_std": 0.11473122984170914,
      "pred_mean": 0.5849615335464478,
      "pred_std": 0.08395387977361679
    },
    "mood_energy": {
      "r2": 0.45848000049591064,
      "mae": 0.061935387551784515,
      "pearson": 0.6786435842514038,
      "p_value": 3.034801908331377e-135,
      "label_mean": 0.5104852318763733,
      "label_std": 0.11218187212944031,
      "pred_mean": 0.5105246901512146,
      "pred_std": 0.08124411851167679
    },
    "mood_imagination": {
      "r2": 0.49138855934143066,
      "mae": 0.05391349643468857,
      "pearson": 0.7021124362945557,
      "p_value": 1.285784481622141e-148,
      "label_mean": 0.6025237441062927,
      "label_std": 0.0976666808128357,
      "pred_mean": 0.6015395522117615,
      "pred_std": 0.07231977581977844
    },
    "sophistication": {
      "r2": 0.5455318689346313,
      "mae": 0.06165597215294838,
      "pearson": 0.7406468391418457,
      "p_value": 1.1050559615909726e-173,
      "label_mean": 0.5498096346855164,
      "label_std": 0.11772658675909042,
      "pred_mean": 0.5489370822906494,
      "pred_std": 0.0936107411980629
    },
    "interpretation": {
      "r2": 0.39681947231292725,
      "mae": 0.0691685751080513,
      "pearson": 0.633904218673706,
      "p_value": 6.201114419700535e-113,
      "label_mean": 0.5661763548851013,
      "label_std": 0.11534003168344498,
      "pred_mean": 0.5646013021469116,
      "pred_std": 0.08112925291061401
    }
  },
  "training_time_seconds": 23301.412870407104
}