{
  "experiment_id": "D5_transformer_pool",
  "description": "MERT + 2-layer transformer + attention pool",
  "config": {
    "input_dim": 1024,
    "hidden_dim": 512,
    "num_labels": 19,
    "dropout": 0.2,
    "learning_rate": 0.0001,
    "weight_decay": 1e-05,
    "gradient_clip_val": 1.0,
    "batch_size": 64,
    "max_epochs": 200,
    "patience": 15,
    "max_frames": 1000,
    "n_folds": 4,
    "num_workers": 2,
    "seed": 42
  },
  "summary": {
    "avg_r2": 0.4415140599012375,
    "std_r2": 0.013448163866996765,
    "r2_ci_95": [
      0.3727344051003456,
      0.4216115295886993
    ],
    "overall_r2": 0.3994287848472595,
    "overall_mae": 0.07353463023900986,
    "dispersion_ratio": 0.6553207635879517
  },
  "fold_results": {
    "2": 0.4280658960342407,
    "3": 0.45496222376823425
  },
  "per_dimension": {
    "timing": {
      "r2": 0.15917330980300903,
      "mae": 0.09791417419910431,
      "pearson": 0.40754997730255127,
      "p_value": 4.215786912712716e-41,
      "label_mean": 0.4841463267803192,
      "label_std": 0.13315917551517487,
      "pred_mean": 0.4759269952774048,
      "pred_std": 0.0616992823779583
    },
    "articulation_length": {
      "r2": 0.5688742399215698,
      "mae": 0.06583205610513687,
      "pearson": 0.7552374005317688,
      "p_value": 2.2370055182676225e-184,
      "label_mean": 0.5528336763381958,
      "label_std": 0.12750078737735748,
      "pred_mean": 0.5486907958984375,
      "pred_std": 0.0935782641172409
    },
    "articulation_touch": {
      "r2": 0.44543367624282837,
      "mae": 0.07004654407501221,
      "pearson": 0.6703745126724243,
      "p_value": 7.959834330743016e-131,
      "label_mean": 0.5556268095970154,
      "label_std": 0.11905945837497711,
      "pred_mean": 0.5627102851867676,
      "pred_std": 0.07734934985637665
    },
    "pedal_amount": {
      "r2": 0.4378398656845093,
      "mae": 0.10538114607334137,
      "pearson": 0.6666472554206848,
      "p_value": 7.017674001095019e-129,
      "label_mean": 0.6203432679176331,
      "label_std": 0.17973750829696655,
      "pred_mean": 0.608554482460022,
      "pred_std": 0.12839806079864502
    },
    "pedal_clarity": {
      "r2": 0.3442409634590149,
      "mae": 0.10850159823894501,
      "pearson": 0.5882474780082703,
      "p_value": 1.1369266408979713e-93,
      "label_mean": 0.5288310050964355,
      "label_std": 0.16834025084972382,
      "pred_mean": 0.5252699255943298,
      "pred_std": 0.10520337522029877
    },
    "timbre_variety": {
      "r2": 0.30593663454055786,
      "mae": 0.0767582356929779,
      "pearson": 0.5597562193870544,
      "p_value": 3.987839237969213e-83,
      "label_mean": 0.5332480072975159,
      "label_std": 0.11646948754787445,
      "pred_mean": 0.5284593105316162,
      "pred_std": 0.07398767024278641
    },
    "timbre_depth": {
      "r2": 0.43712538480758667,
      "mae": 0.07551098614931107,
      "pearson": 0.6642308235168457,
      "p_value": 1.2367704717014875e-127,
      "label_mean": 0.5938758850097656,
      "label_std": 0.128086119890213,
      "pred_mean": 0.5877198576927185,
      "pred_std": 0.0904633179306984
    },
    "timbre_brightness": {
      "r2": 0.3987097144126892,
      "mae": 0.06027257442474365,
      "pearson": 0.6329665184020996,
      "p_value": 1.6630919700142795e-112,
      "label_mean": 0.4967922568321228,
      "label_std": 0.10502893477678299,
      "pred_mean": 0.5013481974601746,
      "pred_std": 0.06569933146238327
    },
    "timbre_loudness": {
      "r2": 0.5356007814407349,
      "mae": 0.06530532985925674,
      "pearson": 0.738694429397583,
      "p_value": 2.628405292060882e-172,
      "label_mean": 0.5845330357551575,
      "label_std": 0.12392674386501312,
      "pred_mean": 0.5923792719841003,
      "pred_std": 0.08189666271209717
    },
    "dynamic_range": {
      "r2": 0.4769638180732727,
      "mae": 0.07019606977701187,
      "pearson": 0.6951947808265686,
      "p_value": 1.5327617827730854e-144,
      "label_mean": 0.5251308679580688,
      "label_std": 0.12373863160610199,
      "pred_mean": 0.5349006056785583,
      "pred_std": 0.08724848181009293
    },
    "tempo": {
      "r2": 0.20540636777877808,
      "mae": 0.07024329900741577,
      "pearson": 0.46171629428863525,
      "p_value": 1.0939194522726736e-53,
      "label_mean": 0.5355068445205688,
      "label_std": 0.10194859653711319,
      "pred_mean": 0.5353453159332275,
      "pred_std": 0.056059665977954865
    },
    "space": {
      "r2": 0.5842897295951843,
      "mae": 0.05868754908442497,
      "pearson": 0.7666754722595215,
      "p_value": 2.655316886324391e-193,
      "label_mean": 0.5221661329269409,
      "label_std": 0.11978842318058014,
      "pred_mean": 0.5251792669296265,
      "pred_std": 0.08542284369468689
    },
    "balance": {
      "r2": 0.3804481029510498,
      "mae": 0.06845776736736298,
      "pearson": 0.6253291368484497,
      "p_value": 4.530246841968616e-109,
      "label_mean": 0.560691237449646,
      "label_std": 0.11247605830430984,
      "pred_mean": 0.5517851710319519,
      "pred_std": 0.07772599160671234
    },
    "drama": {
      "r2": 0.3380664587020874,
      "mae": 0.06881379336118698,
      "pearson": 0.5947777032852173,
      "p_value": 3.0801715273765883e-96,
      "label_mean": 0.6113581657409668,
      "label_std": 0.10769056528806686,
      "pred_mean": 0.5997908711433411,
      "pred_std": 0.07099507004022598
    },
    "mood_valence": {
      "r2": 0.24498999118804932,
      "mae": 0.07839226722717285,
      "pearson": 0.5076566934585571,
      "p_value": 2.721385794709116e-66,
      "label_mean": 0.5852612853050232,
      "label_std": 0.11473122984170914,
      "pred_mean": 0.5819382071495056,
      "pred_std": 0.07075262814760208
    },
    "mood_energy": {
      "r2": 0.45702797174453735,
      "mae": 0.06222822144627571,
      "pearson": 0.6769341230392456,
      "p_value": 2.5557358235955235e-134,
      "label_mean": 0.5104852914810181,
      "label_std": 0.11218186467885971,
      "pred_mean": 0.5077160596847534,
      "pred_std": 0.07318633049726486
    },
    "mood_imagination": {
      "r2": 0.4193323850631714,
      "mae": 0.058132704347372055,
      "pearson": 0.6478354930877686,
      "p_value": 1.770924321022917e-119,
      "label_mean": 0.6025237441062927,
      "label_std": 0.0976666808128357,
      "pred_mean": 0.6035776138305664,
      "pred_std": 0.06479135155677795
    },
    "sophistication": {
      "r2": 0.48622387647628784,
      "mae": 0.06489354372024536,
      "pearson": 0.7017679214477539,
      "p_value": 2.065221590532017e-148,
      "label_mean": 0.5498095750808716,
      "label_std": 0.11772658675909042,
      "pred_mean": 0.5406761765480042,
      "pred_std": 0.08442297577857971
    },
    "interpretation": {
      "r2": 0.36346179246902466,
      "mae": 0.07159017771482468,
      "pearson": 0.6049832701683044,
      "p_value": 2.2726572106778264e-100,
      "label_mean": 0.5661763548851013,
      "label_std": 0.11534003168344498,
      "pred_mean": 0.5627462863922119,
      "pred_std": 0.07447604089975357
    }
  },
  "training_time_seconds": 751.3506324291229
}