{
  "experiment_id": "D6_multiscale_pool",
  "description": "MERT + multi-scale pooling (4,8,16,32 frames)",
  "config": {
    "input_dim": 1024,
    "hidden_dim": 512,
    "num_labels": 19,
    "dropout": 0.2,
    "learning_rate": 0.0001,
    "weight_decay": 1e-05,
    "gradient_clip_val": 1.0,
    "batch_size": 64,
    "max_epochs": 200,
    "patience": 15,
    "max_frames": 1000,
    "n_folds": 4,
    "num_workers": 2,
    "seed": 42
  },
  "summary": {
    "avg_r2": 0.4549197182059288,
    "std_r2": 0.034229259986781106,
    "r2_ci_95": [
      0.43653488978743554,
      0.48535866364836694
    ],
    "overall_r2": 0.4626767933368683,
    "overall_mae": 0.06927424669265747,
    "dispersion_ratio": 0.7348207235336304
  },
  "fold_results": {
    "0": 0.4481377899646759,
    "1": 0.45318087935447693,
    "2": 0.41121527552604675,
    "3": 0.5071449279785156
  },
  "per_dimension": {
    "timing": {
      "r2": 0.29423242807388306,
      "mae": 0.08863823115825653,
      "pearson": 0.5450394153594971,
      "p_value": 4.553789993129393e-78,
      "label_mean": 0.4841463267803192,
      "label_std": 0.13315917551517487,
      "pred_mean": 0.47889450192451477,
      "pred_std": 0.0773412361741066
    },
    "articulation_length": {
      "r2": 0.6267984509468079,
      "mae": 0.061804480850696564,
      "pearson": 0.791815459728241,
      "p_value": 7.485135119936952e-215,
      "label_mean": 0.5528336763381958,
      "label_std": 0.12750078737735748,
      "pred_mean": 0.552125871181488,
      "pred_std": 0.0994350016117096
    },
    "articulation_touch": {
      "r2": 0.48591095209121704,
      "mae": 0.06704913079738617,
      "pearson": 0.6999997496604919,
      "p_value": 2.3254681457389885e-147,
      "label_mean": 0.5556268095970154,
      "label_std": 0.11905945837497711,
      "pred_mean": 0.548956573009491,
      "pred_std": 0.08701113611459732
    },
    "pedal_amount": {
      "r2": 0.5190211534500122,
      "mae": 0.09903989732265472,
      "pearson": 0.7216066122055054,
      "p_value": 9.099108282779071e-161,
      "label_mean": 0.6203432679176331,
      "label_std": 0.17973750829696655,
      "pred_mean": 0.617171049118042,
      "pred_std": 0.13638488948345184
    },
    "pedal_clarity": {
      "r2": 0.4398348927497864,
      "mae": 0.10058403760194778,
      "pearson": 0.6637589931488037,
      "p_value": 2.158967545995463e-127,
      "label_mean": 0.5288310050964355,
      "label_std": 0.16834025084972382,
      "pred_mean": 0.5260201692581177,
      "pred_std": 0.11535686254501343
    },
    "timbre_variety": {
      "r2": 0.3871772885322571,
      "mae": 0.07277006655931473,
      "pearson": 0.6301774978637695,
      "p_value": 3.0658269309304525e-111,
      "label_mean": 0.5332480072975159,
      "label_std": 0.11646948754787445,
      "pred_mean": 0.5365638136863708,
      "pred_std": 0.08452881127595901
    },
    "timbre_depth": {
      "r2": 0.5088156461715698,
      "mae": 0.06993778795003891,
      "pearson": 0.7153538465499878,
      "p_value": 9.281819574263222e-157,
      "label_mean": 0.5938758850097656,
      "label_std": 0.128086119890213,
      "pred_mean": 0.593689501285553,
      "pred_std": 0.09854034334421158
    },
    "timbre_brightness": {
      "r2": 0.3525239825248718,
      "mae": 0.06052187830209732,
      "pearson": 0.6082115173339844,
      "p_value": 1.0425472509790898e-101,
      "label_mean": 0.4967922568321228,
      "label_std": 0.10502893477678299,
      "pred_mean": 0.49867260456085205,
      "pred_std": 0.07760471850633621
    },
    "timbre_loudness": {
      "r2": 0.6386812925338745,
      "mae": 0.05786587670445442,
      "pearson": 0.8010448813438416,
      "p_value": 1.5821431775727243e-223,
      "label_mean": 0.5845330357551575,
      "label_std": 0.12392674386501312,
      "pred_mean": 0.5790985822677612,
      "pred_std": 0.09521961212158203
    },
    "dynamic_range": {
      "r2": 0.5249730348587036,
      "mae": 0.0670386552810669,
      "pearson": 0.7262572050094604,
      "p_value": 8.042804110955178e-164,
      "label_mean": 0.5251308679580688,
      "label_std": 0.12373863160610199,
      "pred_mean": 0.520470917224884,
      "pred_std": 0.09389162808656693
    },
    "tempo": {
      "r2": 0.3352184295654297,
      "mae": 0.06436799466609955,
      "pearson": 0.5843641757965088,
      "p_value": 3.587899958721223e-92,
      "label_mean": 0.5355068445205688,
      "label_std": 0.10194859653711319,
      "pred_mean": 0.5371653437614441,
      "pred_std": 0.06747104227542877
    },
    "space": {
      "r2": 0.636039137840271,
      "mae": 0.05435151606798172,
      "pearson": 0.7985372543334961,
      "p_value": 3.9903123490337794e-221,
      "label_mean": 0.5221661329269409,
      "label_std": 0.11978842318058014,
      "pred_mean": 0.5263833999633789,
      "pred_std": 0.09800000488758087
    },
    "balance": {
      "r2": 0.4563630223274231,
      "mae": 0.06511642783880234,
      "pearson": 0.6797579526901245,
      "p_value": 7.507358611511722e-136,
      "label_mean": 0.560691237449646,
      "label_std": 0.11247605830430984,
      "pred_mean": 0.5625597834587097,
      "pred_std": 0.08474604040384293
    },
    "drama": {
      "r2": 0.38608306646347046,
      "mae": 0.06558983027935028,
      "pearson": 0.6284729838371277,
      "p_value": 1.7933175779643064e-110,
      "label_mean": 0.6113581657409668,
      "label_std": 0.10769056528806686,
      "pred_mean": 0.6132241487503052,
      "pred_std": 0.07766447216272354
    },
    "mood_valence": {
      "r2": 0.33114904165267944,
      "mae": 0.07407770305871964,
      "pearson": 0.590427577495575,
      "p_value": 1.6039855510895042e-94,
      "label_mean": 0.5852612853050232,
      "label_std": 0.11473122984170914,
      "pred_mean": 0.5827397704124451,
      "pred_std": 0.08268765360116959
    },
    "mood_energy": {
      "r2": 0.3871021866798401,
      "mae": 0.06363490968942642,
      "pearson": 0.6368615627288818,
      "p_value": 2.700626783862459e-114,
      "label_mean": 0.5104852914810181,
      "label_std": 0.11218186467885971,
      "pred_mean": 0.5100676417350769,
      "pred_std": 0.08669305592775345
    },
    "mood_imagination": {
      "r2": 0.5442571640014648,
      "mae": 0.052185870707035065,
      "pearson": 0.7389712929725647,
      "p_value": 1.6800352112832796e-172,
      "label_mean": 0.6025237441062927,
      "label_std": 0.0976666808128357,
      "pred_mean": 0.598359227180481,
      "pred_std": 0.07234694063663483
    },
    "sophistication": {
      "r2": 0.5446485877037048,
      "mae": 0.061909083276987076,
      "pearson": 0.7392329573631287,
      "p_value": 1.0996735971909076e-172,
      "label_mean": 0.5498095750808716,
      "label_std": 0.11772658675909042,
      "pred_mean": 0.5526571273803711,
      "pred_std": 0.09115919470787048
    },
    "interpretation": {
      "r2": 0.39202791452407837,
      "mae": 0.06972740590572357,
      "pearson": 0.631464958190918,
      "p_value": 8.015353287922131e-112,
      "label_mean": 0.5661763548851013,
      "label_std": 0.11534003168344498,
      "pred_mean": 0.568152904510498,
      "pred_std": 0.08207935839891434
    }
  },
  "training_time_seconds": 2338.7957594394684
}