{
  "experiment_id": "D7_muq_baseline",
  "description": "MuQ baseline with mean pooling",
  "config": {
    "input_dim": 1024,
    "hidden_dim": 512,
    "num_labels": 19,
    "dropout": 0.2,
    "learning_rate": 0.0001,
    "weight_decay": 1e-05,
    "gradient_clip_val": 1.0,
    "batch_size": 64,
    "max_epochs": 200,
    "patience": 15,
    "max_frames": 1000,
    "n_folds": 4,
    "num_workers": 2,
    "seed": 42
  },
  "summary": {
    "avg_r2": 0.5228423029184341,
    "std_r2": 0.03997813165187836,
    "r2_ci_95": [
      0.4797559164464474,
      0.5250300005078316
    ],
    "overall_r2": 0.5038650631904602,
    "overall_mae": 0.06668756157159805,
    "dispersion_ratio": 0.7317009568214417
  },
  "fold_results": {
    "2": 0.4828641712665558,
    "3": 0.5628204345703125
  },
  "per_dimension": {
    "timing": {
      "r2": 0.37145984172821045,
      "mae": 0.08289556950330734,
      "pearson": 0.60990309715271,
      "p_value": 2.0444556285660172e-102,
      "label_mean": 0.4841463267803192,
      "label_std": 0.13315917551517487,
      "pred_mean": 0.48535701632499695,
      "pred_std": 0.08400513976812363
    },
    "articulation_length": {
      "r2": 0.6585713624954224,
      "mae": 0.05891599506139755,
      "pearson": 0.8119427561759949,
      "p_value": 2.224811112483176e-234,
      "label_mean": 0.5528336763381958,
      "label_std": 0.12750078737735748,
      "pred_mean": 0.5498664975166321,
      "pred_std": 0.10202497243881226
    },
    "articulation_touch": {
      "r2": 0.5367168188095093,
      "mae": 0.06446428596973419,
      "pearson": 0.7329093217849731,
      "p_value": 2.668050088036965e-168,
      "label_mean": 0.5556268095970154,
      "label_std": 0.11905945837497711,
      "pred_mean": 0.5566352009773254,
      "pred_std": 0.08954180777072906
    },
    "pedal_amount": {
      "r2": 0.5350981950759888,
      "mae": 0.09591351449489594,
      "pearson": 0.73212730884552,
      "p_value": 9.114617302467035e-168,
      "label_mean": 0.6203431487083435,
      "label_std": 0.17973752319812775,
      "pred_mean": 0.61590176820755,
      "pred_std": 0.13471175730228424
    },
    "pedal_clarity": {
      "r2": 0.45283281803131104,
      "mae": 0.09917087107896805,
      "pearson": 0.67304527759552,
      "p_value": 3.0864356407003354e-132,
      "label_mean": 0.5288309454917908,
      "label_std": 0.16834025084972382,
      "pred_mean": 0.5267387628555298,
      "pred_std": 0.11302075535058975
    },
    "timbre_variety": {
      "r2": 0.42836397886276245,
      "mae": 0.07138943672180176,
      "pearson": 0.6578999757766724,
      "p_value": 2.006093703310087e-124,
      "label_mean": 0.5332480072975159,
      "label_std": 0.11646948754787445,
      "pred_mean": 0.5368807315826416,
      "pred_std": 0.08351125568151474
    },
    "timbre_depth": {
      "r2": 0.5655285716056824,
      "mae": 0.06654682755470276,
      "pearson": 0.7523394227027893,
      "p_value": 3.4122917692252414e-182,
      "label_mean": 0.5938758254051208,
      "label_std": 0.128086119890213,
      "pred_mean": 0.5930818319320679,
      "pred_std": 0.09907427430152893
    },
    "timbre_brightness": {
      "r2": 0.46723467111587524,
      "mae": 0.055808354169130325,
      "pearson": 0.6846050024032593,
      "p_value": 1.603728758703556e-138,
      "label_mean": 0.4967922270298004,
      "label_std": 0.10502893477678299,
      "pred_mean": 0.49281761050224304,
      "pred_std": 0.07233931124210358
    },
    "timbre_loudness": {
      "r2": 0.5628231763839722,
      "mae": 0.06283766031265259,
      "pearson": 0.7504454851150513,
      "p_value": 8.782347766448508e-181,
      "label_mean": 0.5845330357551575,
      "label_std": 0.12392674386501312,
      "pred_mean": 0.586370050907135,
      "pred_std": 0.0943886861205101
    },
    "dynamic_range": {
      "r2": 0.5885407328605652,
      "mae": 0.0618465356528759,
      "pearson": 0.7675437927246094,
      "p_value": 5.316484587403747e-194,
      "label_mean": 0.5251308679580688,
      "label_std": 0.12373863160610199,
      "pred_mean": 0.5247607231140137,
      "pred_std": 0.09793882071971893
    },
    "tempo": {
      "r2": 0.23768407106399536,
      "mae": 0.06790972501039505,
      "pearson": 0.5057593584060669,
      "p_value": 9.86813757310023e-66,
      "label_mean": 0.5355068445205688,
      "label_std": 0.10194859653711319,
      "pred_mean": 0.5401108264923096,
      "pred_std": 0.06448480486869812
    },
    "space": {
      "r2": 0.6467759609222412,
      "mae": 0.053645554929971695,
      "pearson": 0.8042518496513367,
      "p_value": 1.1942594520977228e-226,
      "label_mean": 0.5221661329269409,
      "label_std": 0.11978843063116074,
      "pred_mean": 0.5216036438941956,
      "pred_std": 0.09576450288295746
    },
    "balance": {
      "r2": 0.5433257818222046,
      "mae": 0.05984319746494293,
      "pearson": 0.7378217577934265,
      "p_value": 1.0735708916628184e-171,
      "label_mean": 0.560691237449646,
      "label_std": 0.11247605830430984,
      "pred_mean": 0.5611039996147156,
      "pred_std": 0.08661755174398422
    },
    "drama": {
      "r2": 0.43735408782958984,
      "mae": 0.0637940913438797,
      "pearson": 0.6629425287246704,
      "p_value": 5.647943954680634e-127,
      "label_mean": 0.6113581657409668,
      "label_std": 0.10769056528806686,
      "pred_mean": 0.6093822717666626,
      "pred_std": 0.07596422731876373
    },
    "mood_valence": {
      "r2": 0.41268014907836914,
      "mae": 0.06979003548622131,
      "pearson": 0.6455457806587219,
      "p_value": 2.2251700882720468e-118,
      "label_mean": 0.5852612853050232,
      "label_std": 0.11473122239112854,
      "pred_mean": 0.5884026885032654,
      "pred_std": 0.08065445721149445
    },
    "mood_energy": {
      "r2": 0.5046905279159546,
      "mae": 0.05772298946976662,
      "pearson": 0.7118966579437256,
      "p_value": 1.3735520171323918e-154,
      "label_mean": 0.5104852914810181,
      "label_std": 0.11218186467885971,
      "pred_mean": 0.5062825083732605,
      "pred_std": 0.08283574134111404
    },
    "mood_imagination": {
      "r2": 0.4908826947212219,
      "mae": 0.05469480901956558,
      "pearson": 0.7006831765174866,
      "p_value": 9.142166855259862e-148,
      "label_mean": 0.6025237441062927,
      "label_std": 0.0976666808128357,
      "pred_mean": 0.6033297777175903,
      "pred_std": 0.0681934729218483
    },
    "sophistication": {
      "r2": 0.6617770195007324,
      "mae": 0.05409214645624161,
      "pearson": 0.8135645389556885,
      "p_value": 4.696715241905579e-236,
      "label_mean": 0.5498095750808716,
      "label_std": 0.11772657930850983,
      "pred_mean": 0.5494263172149658,
      "pred_std": 0.09460251033306122
    },
    "interpretation": {
      "r2": 0.4710935950279236,
      "mae": 0.06578177213668823,
      "pearson": 0.6866122484207153,
      "p_value": 1.213250098741076e-139,
      "label_mean": 0.5661763548851013,
      "label_std": 0.11534003168344498,
      "pred_mean": 0.5668005347251892,
      "pred_std": 0.08123589307069778
    }
  },
  "training_time_seconds": 1727.2394754886627
}