{
  "experiment_id": "D8_muq_stats",
  "description": "MuQ with stats pooling (mean+std) - COMPLETE 4-fold CV",
  "config": {
    "input_dim": 1024,
    "hidden_dim": 512,
    "num_labels": 19,
    "dropout": 0.2,
    "learning_rate": 0.0001,
    "weight_decay": 1e-05,
    "gradient_clip_val": 1.0,
    "batch_size": 64,
    "max_epochs": 200,
    "patience": 15,
    "max_frames": 1000,
    "n_folds": 4,
    "num_workers": 2,
    "seed": 42,
    "pooling_stats": "mean_std"
  },
  "summary": {
    "avg_r2": 0.4537118002772331,
    "std_r2": 0.12539743002377282,
    "r2_ci_95": [
      0.4440262712538242,
      0.4933375969529152
    ],
    "overall_r2": 0.4691098928451538,
    "overall_mae": 0.06948273628950119,
    "dispersion_ratio": 0.6996858716011047
  },
  "fold_results": {
    "0": 0.48456647992134094,
    "1": 0.5285443663597107,
    "2": 0.24155521392822266,
    "3": 0.5601811408996582
  },
  "per_dimension": {
    "timing": {
      "r2": 0.3610221743583679,
      "mae": 0.08442052453756332,
      "pearson": 0.6008813381195068,
      "p_value": 1.0846076914159828e-98,
      "label_mean": 0.4841463565826416,
      "label_std": 0.13315917551517487,
      "pred_mean": 0.48459091782569885,
      "pred_std": 0.08067923039197922
    },
    "articulation_length": {
      "r2": 0.6281812191009521,
      "mae": 0.06155334785580635,
      "pearson": 0.7938553690910339,
      "p_value": 9.889448220433165e-217,
      "label_mean": 0.552833616733551,
      "label_std": 0.12750078737735748,
      "pred_mean": 0.5472328066825867,
      "pred_std": 0.102463498711586
    },
    "articulation_touch": {
      "r2": 0.4781610369682312,
      "mae": 0.06922188401222229,
      "pearson": 0.6923556327819824,
      "p_value": 6.682846970637158e-143,
      "label_mean": 0.5556268692016602,
      "label_std": 0.11905946582555771,
      "pred_mean": 0.5584308505058289,
      "pred_std": 0.0854448527097702
    },
    "pedal_amount": {
      "r2": 0.4747682809829712,
      "mae": 0.10282400995492935,
      "pearson": 0.6907550096511841,
      "p_value": 5.50669783681869e-142,
      "label_mean": 0.6203432083129883,
      "label_std": 0.17973750829696655,
      "pred_mean": 0.6117033958435059,
      "pred_std": 0.12558753788471222
    },
    "pedal_clarity": {
      "r2": 0.3821732997894287,
      "mae": 0.10533508658409119,
      "pearson": 0.6204038858413696,
      "p_value": 6.625157582830156e-107,
      "label_mean": 0.5288310647010803,
      "label_std": 0.16834025084972382,
      "pred_mean": 0.5201116800308228,
      "pred_std": 0.10556870698928833
    },
    "timbre_variety": {
      "r2": 0.4020334482192993,
      "mae": 0.07309677451848984,
      "pearson": 0.6347172260284424,
      "p_value": 2.629029625814662e-113,
      "label_mean": 0.5332480072975159,
      "label_std": 0.11646948754787445,
      "pred_mean": 0.5351313352584839,
      "pred_std": 0.07670830190181732
    },
    "timbre_depth": {
      "r2": 0.5219585299491882,
      "mae": 0.06984112411737442,
      "pearson": 0.723065972328186,
      "p_value": 1.0174683095890737e-161,
      "label_mean": 0.5938758254051208,
      "label_std": 0.128086119890213,
      "pred_mean": 0.5903143882751465,
      "pred_std": 0.09384936094284058
    },
    "timbre_brightness": {
      "r2": 0.46822184324264526,
      "mae": 0.0562109649181366,
      "pearson": 0.6845740079879761,
      "p_value": 1.6686768283119138e-138,
      "label_mean": 0.4967922568321228,
      "label_std": 0.10502893477678299,
      "pred_mean": 0.4946742057800293,
      "pred_std": 0.07228094339370728
    },
    "timbre_loudness": {
      "r2": 0.5236636400222778,
      "mae": 0.06555994600057602,
      "pearson": 0.7238990068435669,
      "p_value": 2.8949925936042447e-162,
      "label_mean": 0.5845330357551575,
      "label_std": 0.12392674386501312,
      "pred_mean": 0.5837225914001465,
      "pred_std": 0.09193894267082214
    },
    "dynamic_range": {
      "r2": 0.5591365098953247,
      "mae": 0.06434676051139832,
      "pearson": 0.7483758330345154,
      "p_value": 2.9550705663731835e-179,
      "label_mean": 0.5251308679580688,
      "label_std": 0.12373863160610199,
      "pred_mean": 0.5250446796417236,
      "pred_std": 0.09637509286403656
    },
    "tempo": {
      "r2": 0.22889310121536255,
      "mae": 0.06859824061393738,
      "pearson": 0.48179367184638977,
      "p_value": 5.831474469065793e-59,
      "label_mean": 0.5355068445205688,
      "label_std": 0.10194859653711319,
      "pred_mean": 0.538066029548645,
      "pred_std": 0.05431852489709854
    },
    "space": {
      "r2": 0.6029876470565796,
      "mae": 0.057676564902067184,
      "pearson": 0.7770473957061768,
      "p_value": 7.511255852564596e-202,
      "label_mean": 0.5221661329269409,
      "label_std": 0.11978843063116074,
      "pred_mean": 0.5190763473510742,
      "pred_std": 0.09454767405986786
    },
    "balance": {
      "r2": 0.5022485256195068,
      "mae": 0.06281965970993042,
      "pearson": 0.7100649476051331,
      "p_value": 1.8824973789185288e-153,
      "label_mean": 0.560691237449646,
      "label_std": 0.11247605830430984,
      "pred_mean": 0.5570382475852966,
      "pred_std": 0.08321849256753922
    },
    "drama": {
      "r2": 0.4284324645996094,
      "mae": 0.06529493629932404,
      "pearson": 0.6565951108932495,
      "p_value": 9.001793723123514e-124,
      "label_mean": 0.6113581657409668,
      "label_std": 0.10769057273864746,
      "pred_mean": 0.6065731644630432,
      "pred_std": 0.07357946783304214
    },
    "mood_valence": {
      "r2": 0.37099283933639526,
      "mae": 0.07237038016319275,
      "pearson": 0.6095679998397827,
      "p_value": 2.825365684392109e-102,
      "label_mean": 0.5852612853050232,
      "label_std": 0.11473122239112854,
      "pred_mean": 0.5859633684158325,
      "pred_std": 0.07260988652706146
    },
    "mood_energy": {
      "r2": 0.5037952661514282,
      "mae": 0.05865875259041786,
      "pearson": 0.710207462310791,
      "p_value": 1.5366133367392088e-153,
      "label_mean": 0.5104852318763733,
      "label_std": 0.11218187212944031,
      "pred_mean": 0.5108188390731812,
      "pred_std": 0.08239852637052536
    },
    "mood_imagination": {
      "r2": 0.39325153827667236,
      "mae": 0.05872425436973572,
      "pearson": 0.6275928020477295,
      "p_value": 4.445792158537703e-110,
      "label_mean": 0.6025237441062927,
      "label_std": 0.09766668826341629,
      "pred_mean": 0.6025746464729309,
      "pred_std": 0.06372867524623871
    },
    "sophistication": {
      "r2": 0.6308550834655762,
      "mae": 0.05651041865348816,
      "pearson": 0.7946758270263672,
      "p_value": 1.7118596667399294e-217,
      "label_mean": 0.5498096942901611,
      "label_std": 0.11772658675909042,
      "pred_mean": 0.5469129085540771,
      "pred_std": 0.0927291139960289
    },
    "interpretation": {
      "r2": 0.4523109793663025,
      "mae": 0.06710831075906754,
      "pearson": 0.6726698875427246,
      "p_value": 4.883598831130065e-132,
      "label_mean": 0.5661762952804565,
      "label_std": 0.11534003168344498,
      "pred_mean": 0.5649328827857971,
      "pred_std": 0.07846084982156754
    }
  },
  "note": "Completed with all 4 folds. Previous result (R2=0.560) was fold 3 only."
}