{
  "summary": {
    "avg_r2": 0.4708157479763031,
    "fold_r2s": [
      0.4400416910648346,
      0.4793718159198761,
      0.44397997856140137,
      0.49304109811782837
    ]
  },
  "description": "MERT+MuQ late fusion ensemble"
}