{
  "summary": {
    "avg_r2": 0.44304922223091125,
    "fold_r2s": [
      0.4447401463985443,
      0.4374460279941559,
      0.38778620958328247,
      0.467274010181427
    ]
  },
  "description": "MERT L7-12 + MuQ early fusion (concat embeddings)"
}