{
  "experiment_id": "E1a_layer_9_only",
  "description": "MERT layer 9 only (single layer)",
  "config": {
    "input_dim": 1024,
    "hidden_dim": 512,
    "num_labels": 19,
    "dropout": 0.2,
    "learning_rate": 0.0001,
    "weight_decay": 1e-05,
    "gradient_clip_val": 1.0,
    "batch_size": 64,
    "max_epochs": 200,
    "patience": 15,
    "max_frames": 1000,
    "n_folds": 4,
    "num_workers": 2,
    "seed": 42
  },
  "summary": {
    "avg_r2": 0.4656050428748131,
    "std_r2": 0.026851689463529463,
    "r2_ci_95": [
      0.44141723215579987,
      0.49349277243018147
    ],
    "overall_r2": 0.46916505694389343,
    "overall_mae": 0.06847598403692245,
    "dispersion_ratio": 0.7360094785690308
  },
  "fold_results": {
    "0": 0.4290615916252136,
    "1": 0.45079365372657776,
    "2": 0.488981157541275,
    "3": 0.4935837686061859
  },
  "per_dimension": {
    "timing": {
      "r2": 0.2897692322731018,
      "mae": 0.08897775411605835,
      "pearson": 0.5408368110656738,
      "p_value": 1.1404122084129796e-76,
      "label_mean": 0.4841463267803192,
      "label_std": 0.13315917551517487,
      "pred_mean": 0.4785260260105133,
      "pred_std": 0.07612955570220947
    },
    "articulation_length": {
      "r2": 0.6289986968040466,
      "mae": 0.061366282403469086,
      "pearson": 0.7931782007217407,
      "p_value": 4.1815813455368616e-216,
      "label_mean": 0.5528336763381958,
      "label_std": 0.12750078737735748,
      "pred_mean": 0.5537066459655762,
      "pred_std": 0.09994800388813019
    },
    "articulation_touch": {
      "r2": 0.5186189413070679,
      "mae": 0.0638904869556427,
      "pearson": 0.7221375107765198,
      "p_value": 4.1077833119914954e-161,
      "label_mean": 0.5556268692016602,
      "label_std": 0.11905946582555771,
      "pred_mean": 0.5510831475257874,
      "pred_std": 0.09044365584850311
    },
    "pedal_amount": {
      "r2": 0.5444323420524597,
      "mae": 0.0939093604683876,
      "pearson": 0.7402807474136353,
      "p_value": 2.0063112487206754e-173,
      "label_mean": 0.6203432083129883,
      "label_std": 0.17973750829696655,
      "pred_mean": 0.6261930465698242,
      "pred_std": 0.1420859843492508
    },
    "pedal_clarity": {
      "r2": 0.42413628101348877,
      "mae": 0.10085675120353699,
      "pearson": 0.6547150611877441,
      "p_value": 7.726776754081184e-123,
      "label_mean": 0.5288309454917908,
      "label_std": 0.16834025084972382,
      "pred_mean": 0.529585063457489,
      "pred_std": 0.12150175869464874
    },
    "timbre_variety": {
      "r2": 0.43694597482681274,
      "mae": 0.0697038397192955,
      "pearson": 0.6639773845672607,
      "p_value": 1.6684333749324606e-127,
      "label_mean": 0.5332480072975159,
      "label_std": 0.11646948009729385,
      "pred_mean": 0.5320941805839539,
      "pred_std": 0.08453341573476791
    },
    "timbre_depth": {
      "r2": 0.534011721611023,
      "mae": 0.06822811812162399,
      "pearson": 0.7334970235824585,
      "p_value": 1.056763296470298e-168,
      "label_mean": 0.5938758254051208,
      "label_std": 0.128086119890213,
      "pred_mean": 0.5935961604118347,
      "pred_std": 0.10205311328172684
    },
    "timbre_brightness": {
      "r2": 0.35377949476242065,
      "mae": 0.06082800030708313,
      "pearson": 0.6022663712501526,
      "p_value": 2.9593670630772764e-99,
      "label_mean": 0.4967922568321228,
      "label_std": 0.10502892732620239,
      "pred_mean": 0.48776450753211975,
      "pred_std": 0.06739985197782516
    },
    "timbre_loudness": {
      "r2": 0.5821356773376465,
      "mae": 0.061670221388339996,
      "pearson": 0.7634702920913696,
      "p_value": 9.468591252514504e-191,
      "label_mean": 0.5845330357551575,
      "label_std": 0.12392674386501312,
      "pred_mean": 0.581718385219574,
      "pred_std": 0.09271293133497238
    },
    "dynamic_range": {
      "r2": 0.5590335130691528,
      "mae": 0.06459224224090576,
      "pearson": 0.7494638562202454,
      "p_value": 4.674952165873024e-180,
      "label_mean": 0.5251308679580688,
      "label_std": 0.12373863160610199,
      "pred_mean": 0.524281919002533,
      "pred_std": 0.09906592965126038
    },
    "tempo": {
      "r2": 0.2945311665534973,
      "mae": 0.0656600296497345,
      "pearson": 0.5468884110450745,
      "p_value": 1.0882129853046792e-78,
      "label_mean": 0.5355067849159241,
      "label_std": 0.10194860398769379,
      "pred_mean": 0.5343644022941589,
      "pred_std": 0.06254025548696518
    },
    "space": {
      "r2": 0.61085045337677,
      "mae": 0.0563395619392395,
      "pearson": 0.7820977568626404,
      "p_value": 3.5010844483666037e-206,
      "label_mean": 0.5221661329269409,
      "label_std": 0.11978843063116074,
      "pred_mean": 0.5214764475822449,
      "pred_std": 0.09706001728773117
    },
    "balance": {
      "r2": 0.4661722183227539,
      "mae": 0.06383773684501648,
      "pearson": 0.6902944445610046,
      "p_value": 1.0076268399895168e-141,
      "label_mean": 0.560691237449646,
      "label_std": 0.11247605830430984,
      "pred_mean": 0.5609738826751709,
      "pred_std": 0.08907204121351242
    },
    "drama": {
      "r2": 0.4148714542388916,
      "mae": 0.06442967802286148,
      "pearson": 0.6490191221237183,
      "p_value": 4.7456177027579776e-120,
      "label_mean": 0.611358106136322,
      "label_std": 0.10769057273864746,
      "pred_mean": 0.6118901968002319,
      "pred_std": 0.07846122980117798
    },
    "mood_valence": {
      "r2": 0.3611762523651123,
      "mae": 0.07135138660669327,
      "pearson": 0.6119649410247803,
      "p_value": 2.769424708494334e-103,
      "label_mean": 0.5852612853050232,
      "label_std": 0.11473122984170914,
      "pred_mean": 0.584254264831543,
      "pred_std": 0.08341696858406067
    },
    "mood_energy": {
      "r2": 0.44006800651550293,
      "mae": 0.06196625903248787,
      "pearson": 0.6688304543495178,
      "p_value": 5.131199219881191e-130,
      "label_mean": 0.5104852318763733,
      "label_std": 0.11218187212944031,
      "pred_mean": 0.5013026595115662,
      "pred_std": 0.07769924402236938
    },
    "mood_imagination": {
      "r2": 0.46511518955230713,
      "mae": 0.05539718642830849,
      "pearson": 0.6834560632705688,
      "p_value": 6.963320911337324e-138,
      "label_mean": 0.6025237441062927,
      "label_std": 0.0976666808128357,
      "pred_mean": 0.6009930968284607,
      "pred_std": 0.07083833962678909
    },
    "sophistication": {
      "r2": 0.5771377682685852,
      "mae": 0.05918995290994644,
      "pearson": 0.7603245973587036,
      "p_value": 2.7662655755726912e-188,
      "label_mean": 0.5498096346855164,
      "label_std": 0.11772658675909042,
      "pred_mean": 0.5494470596313477,
      "pred_std": 0.09313167631626129
    },
    "interpretation": {
      "r2": 0.41234755516052246,
      "mae": 0.06884865462779999,
      "pearson": 0.646870493888855,
      "p_value": 5.159230607293565e-119,
      "label_mean": 0.5661763548851013,
      "label_std": 0.11534003168344498,
      "pred_mean": 0.5698474049568176,
      "pred_std": 0.0828314945101738
    }
  },
  "training_time_seconds": 2403.795526266098
}