{
  "experiment_id": "E1b_layer_12_only",
  "description": "MERT layer 12 only (single layer)",
  "config": {
    "input_dim": 1024,
    "hidden_dim": 512,
    "num_labels": 19,
    "dropout": 0.2,
    "learning_rate": 0.0001,
    "weight_decay": 1e-05,
    "gradient_clip_val": 1.0,
    "batch_size": 64,
    "max_epochs": 200,
    "patience": 15,
    "max_frames": 1000,
    "n_folds": 4,
    "num_workers": 2,
    "seed": 42
  },
  "summary": {
    "avg_r2": 0.4394907255967458,
    "std_r2": 0.03912364594056033,
    "r2_ci_95": [
      0.4122076481580734,
      0.45990452244877816
    ],
    "overall_r2": 0.43805474042892456,
    "overall_mae": 0.0708899274468422,
    "dispersion_ratio": 0.6758142113685608
  },
  "fold_results": {
    "1": 0.4155307114124298,
    "2": 0.4082801342010498,
    "3": 0.4946613311767578
  },
  "per_dimension": {
    "timing": {
      "r2": 0.280004620552063,
      "mae": 0.09070438891649246,
      "pearson": 0.5299333333969116,
      "p_value": 3.936348592041323e-73,
      "label_mean": 0.4841463267803192,
      "label_std": 0.13315917551517487,
      "pred_mean": 0.4852297306060791,
      "pred_std": 0.0668983981013298
    },
    "articulation_length": {
      "r2": 0.597888708114624,
      "mae": 0.06431285291910172,
      "pearson": 0.7769170999526978,
      "p_value": 9.681716626719254e-202,
      "label_mean": 0.552833616733551,
      "label_std": 0.12750078737735748,
      "pred_mean": 0.5513501167297363,
      "pred_std": 0.08953657746315002
    },
    "articulation_touch": {
      "r2": 0.47097092866897583,
      "mae": 0.06795502454042435,
      "pearson": 0.6871998906135559,
      "p_value": 5.675713885417198e-140,
      "label_mean": 0.5556268095970154,
      "label_std": 0.11905946582555771,
      "pred_mean": 0.5534563064575195,
      "pred_std": 0.08546861261129379
    },
    "pedal_amount": {
      "r2": 0.49823200702667236,
      "mae": 0.09906349331140518,
      "pearson": 0.7064400911331177,
      "p_value": 3.1512402186368646e-151,
      "label_mean": 0.6203432083129883,
      "label_std": 0.17973750829696655,
      "pred_mean": 0.624441921710968,
      "pred_std": 0.1301165670156479
    },
    "pedal_clarity": {
      "r2": 0.38713598251342773,
      "mae": 0.10454247146844864,
      "pearson": 0.6237645149230957,
      "p_value": 2.2290159509123485e-108,
      "label_mean": 0.5288309454917908,
      "label_std": 0.168340265750885,
      "pred_mean": 0.5334008932113647,
      "pred_std": 0.11085844784975052
    },
    "timbre_variety": {
      "r2": 0.3738650679588318,
      "mae": 0.07369598001241684,
      "pearson": 0.6133397221565247,
      "p_value": 7.24366520918308e-104,
      "label_mean": 0.5332480072975159,
      "label_std": 0.11646948009729385,
      "pred_mean": 0.5336261987686157,
      "pred_std": 0.077033132314682
    },
    "timbre_depth": {
      "r2": 0.469868540763855,
      "mae": 0.07354951649904251,
      "pearson": 0.6864310503005981,
      "p_value": 1.532976493029851e-139,
      "label_mean": 0.5938758254051208,
      "label_std": 0.128086119890213,
      "pred_mean": 0.5903350710868835,
      "pred_std": 0.09094034135341644
    },
    "timbre_brightness": {
      "r2": 0.32152825593948364,
      "mae": 0.06209636107087135,
      "pearson": 0.5747513771057129,
      "p_value": 1.513421364863625e-88,
      "label_mean": 0.4967922568321228,
      "label_std": 0.10502893477678299,
      "pred_mean": 0.4952058792114258,
      "pred_std": 0.07009579986333847
    },
    "timbre_loudness": {
      "r2": 0.6076291799545288,
      "mae": 0.05930178984999657,
      "pearson": 0.7823421359062195,
      "p_value": 2.1462036440902136e-206,
      "label_mean": 0.5845330357551575,
      "label_std": 0.12392674386501312,
      "pred_mean": 0.5846652984619141,
      "pred_std": 0.08870569616556168
    },
    "dynamic_range": {
      "r2": 0.5322805643081665,
      "mae": 0.06635414063930511,
      "pearson": 0.7307704091072083,
      "p_value": 7.604907830100144e-167,
      "label_mean": 0.5251308083534241,
      "label_std": 0.12373863160610199,
      "pred_mean": 0.528702974319458,
      "pred_std": 0.09416008740663528
    },
    "tempo": {
      "r2": 0.2429865598678589,
      "mae": 0.06752664595842361,
      "pearson": 0.4952031970024109,
      "p_value": 1.1047653612507473e-62,
      "label_mean": 0.5355068445205688,
      "label_std": 0.10194859653711319,
      "pred_mean": 0.5344712734222412,
      "pred_std": 0.05519754812121391
    },
    "space": {
      "r2": 0.6025533676147461,
      "mae": 0.05791662260890007,
      "pearson": 0.77961266040802,
      "p_value": 4.897428382227781e-204,
      "label_mean": 0.5221661329269409,
      "label_std": 0.11978843063116074,
      "pred_mean": 0.5183711051940918,
      "pred_std": 0.08558953553438187
    },
    "balance": {
      "r2": 0.4268296957015991,
      "mae": 0.0667114183306694,
      "pearson": 0.6571818590164185,
      "p_value": 4.587355330304141e-124,
      "label_mean": 0.560691237449646,
      "label_std": 0.11247606575489044,
      "pred_mean": 0.554161787033081,
      "pred_std": 0.07853882014751434
    },
    "drama": {
      "r2": 0.37198925018310547,
      "mae": 0.06675674021244049,
      "pearson": 0.612856924533844,
      "p_value": 1.1610031859221933e-103,
      "label_mean": 0.611358106136322,
      "label_std": 0.10769057273864746,
      "pred_mean": 0.6065512299537659,
      "pred_std": 0.0703226774930954
    },
    "mood_valence": {
      "r2": 0.3420482277870178,
      "mae": 0.07284955680370331,
      "pearson": 0.5874320268630981,
      "p_value": 2.356304946886519e-93,
      "label_mean": 0.5852612853050232,
      "label_std": 0.11473122239112854,
      "pred_mean": 0.5828453898429871,
      "pred_std": 0.07322972267866135
    },
    "mood_energy": {
      "r2": 0.40730178356170654,
      "mae": 0.06416362524032593,
      "pearson": 0.6402270793914795,
      "p_value": 7.317404155253237e-116,
      "label_mean": 0.5104852318763733,
      "label_std": 0.11218187212944031,
      "pred_mean": 0.5058549642562866,
      "pred_std": 0.07515966892242432
    },
    "mood_imagination": {
      "r2": 0.48468780517578125,
      "mae": 0.05465233698487282,
      "pearson": 0.6973004937171936,
      "p_value": 9.058151143698533e-146,
      "label_mean": 0.6025237441062927,
      "label_std": 0.0976666808128357,
      "pred_mean": 0.5988544225692749,
      "pred_std": 0.0669947937130928
    },
    "sophistication": {
      "r2": 0.5300476551055908,
      "mae": 0.06381557881832123,
      "pearson": 0.729459285736084,
      "p_value": 5.8339010251413e-166,
      "label_mean": 0.5498096346855164,
      "label_std": 0.11772657930850983,
      "pred_mean": 0.5444712042808533,
      "pred_std": 0.08556509017944336
    },
    "interpretation": {
      "r2": 0.3751909136772156,
      "mae": 0.07093989849090576,
      "pearson": 0.6150252819061279,
      "p_value": 1.386358937371033e-104,
      "label_mean": 0.5661763548851013,
      "label_std": 0.11534003168344498,
      "pred_mean": 0.5631957650184631,
      "pred_std": 0.0765843614935875
    }
  },
  "training_time_seconds": 1519.6190204620361
}