{
  "experiment_id": "E1c_layers_10-12",
  "description": "MERT layers 10-12 (compact)",
  "config": {
    "input_dim": 3072,
    "hidden_dim": 512,
    "num_labels": 19,
    "dropout": 0.2,
    "learning_rate": 0.0001,
    "weight_decay": 1e-05,
    "gradient_clip_val": 1.0,
    "batch_size": 64,
    "max_epochs": 200,
    "patience": 15,
    "max_frames": 1000,
    "n_folds": 4,
    "num_workers": 2,
    "seed": 42
  },
  "summary": {
    "avg_r2": 0.44903989881277084,
    "std_r2": 0.03740847751068528,
    "r2_ci_95": [
      0.43067026138305664,
      0.4761115364730358
    ],
    "overall_r2": 0.45497629046440125,
    "overall_mae": 0.06993672996759415,
    "dispersion_ratio": 0.6888407468795776
  },
  "fold_results": {
    "0": 0.4170800447463989,
    "1": 0.43246087431907654,
    "2": 0.4337918162345886,
    "3": 0.5128268599510193
  },
  "per_dimension": {
    "timing": {
      "r2": 0.29435598850250244,
      "mae": 0.08964254707098007,
      "pearson": 0.5432178974151611,
      "p_value": 1.8494120502677384e-77,
      "label_mean": 0.4841463267803192,
      "label_std": 0.13315917551517487,
      "pred_mean": 0.4829816222190857,
      "pred_std": 0.0689312219619751
    },
    "articulation_length": {
      "r2": 0.6133245229721069,
      "mae": 0.06344135105609894,
      "pearson": 0.7850600481033325,
      "p_value": 8.897657704307308e-209,
      "label_mean": 0.552833616733551,
      "label_std": 0.12750078737735748,
      "pred_mean": 0.5489453077316284,
      "pred_std": 0.09430202096700668
    },
    "articulation_touch": {
      "r2": 0.48620283603668213,
      "mae": 0.06776111572980881,
      "pearson": 0.6983833312988281,
      "p_value": 2.0946679502257353e-146,
      "label_mean": 0.5556268095970154,
      "label_std": 0.11905946582555771,
      "pred_mean": 0.5592214465141296,
      "pred_std": 0.08612538874149323
    },
    "pedal_amount": {
      "r2": 0.49013638496398926,
      "mae": 0.09939960390329361,
      "pearson": 0.7013779282569885,
      "p_value": 3.5286594173842816e-148,
      "label_mean": 0.6203432083129883,
      "label_std": 0.17973750829696655,
      "pred_mean": 0.6170594096183777,
      "pred_std": 0.13293351233005524
    },
    "pedal_clarity": {
      "r2": 0.38888031244277954,
      "mae": 0.10436633229255676,
      "pearson": 0.6263629794120789,
      "p_value": 1.5728393245262766e-109,
      "label_mean": 0.5288309454917908,
      "label_std": 0.168340265750885,
      "pred_mean": 0.5290554165840149,
      "pred_std": 0.11532779037952423
    },
    "timbre_variety": {
      "r2": 0.4000791907310486,
      "mae": 0.07159198075532913,
      "pearson": 0.6339759230613708,
      "p_value": 5.749351262395489e-113,
      "label_mean": 0.5332480072975159,
      "label_std": 0.11646948009729385,
      "pred_mean": 0.5310155749320984,
      "pred_std": 0.07831774652004242
    },
    "timbre_depth": {
      "r2": 0.4984395503997803,
      "mae": 0.07223999500274658,
      "pearson": 0.7066818475723267,
      "p_value": 2.2450730985145508e-151,
      "label_mean": 0.5938758254051208,
      "label_std": 0.128086119890213,
      "pred_mean": 0.5905031561851501,
      "pred_std": 0.09260708093643188
    },
    "timbre_brightness": {
      "r2": 0.34787291288375854,
      "mae": 0.061398375779390335,
      "pearson": 0.5935153961181641,
      "p_value": 9.75902048277412e-96,
      "label_mean": 0.4967922568321228,
      "label_std": 0.10502893477678299,
      "pred_mean": 0.49650898575782776,
      "pred_std": 0.06928744912147522
    },
    "timbre_loudness": {
      "r2": 0.5971869230270386,
      "mae": 0.06016611307859421,
      "pearson": 0.7761808633804321,
      "p_value": 4.0500613253054255e-201,
      "label_mean": 0.5845330357551575,
      "label_std": 0.12392674386501312,
      "pred_mean": 0.5864906907081604,
      "pred_std": 0.08740881830453873
    },
    "dynamic_range": {
      "r2": 0.5643660426139832,
      "mae": 0.06389833241701126,
      "pearson": 0.7527073621749878,
      "p_value": 1.8091458638352865e-182,
      "label_mean": 0.5251308083534241,
      "label_std": 0.12373863160610199,
      "pred_mean": 0.5308367013931274,
      "pred_std": 0.09421715140342712
    },
    "tempo": {
      "r2": 0.27438783645629883,
      "mae": 0.06692078709602356,
      "pearson": 0.525368332862854,
      "p_value": 1.0924790047104425e-71,
      "label_mean": 0.5355068445205688,
      "label_std": 0.10194859653711319,
      "pred_mean": 0.5371835827827454,
      "pred_std": 0.057311173528432846
    },
    "space": {
      "r2": 0.6170190572738647,
      "mae": 0.05577375739812851,
      "pearson": 0.7858802080154419,
      "p_value": 1.6730790392081068e-209,
      "label_mean": 0.5221661329269409,
      "label_std": 0.11978843063116074,
      "pred_mean": 0.5221495628356934,
      "pred_std": 0.09123314172029495
    },
    "balance": {
      "r2": 0.45761412382125854,
      "mae": 0.06502579897642136,
      "pearson": 0.6787003874778748,
      "p_value": 2.8264440661640205e-135,
      "label_mean": 0.560691237449646,
      "label_std": 0.11247606575489044,
      "pred_mean": 0.5554903149604797,
      "pred_std": 0.07967786490917206
    },
    "drama": {
      "r2": 0.3955497145652771,
      "mae": 0.06539732217788696,
      "pearson": 0.6308979988098145,
      "p_value": 1.4482147378913017e-111,
      "label_mean": 0.611358106136322,
      "label_std": 0.10769057273864746,
      "pred_mean": 0.6079526543617249,
      "pred_std": 0.07208836823701859
    },
    "mood_valence": {
      "r2": 0.33758091926574707,
      "mae": 0.07353633642196655,
      "pearson": 0.5839211344718933,
      "p_value": 5.3034980145259586e-92,
      "label_mean": 0.5852612853050232,
      "label_std": 0.11473122239112854,
      "pred_mean": 0.5823182463645935,
      "pred_std": 0.07298295944929123
    },
    "mood_energy": {
      "r2": 0.42781007289886475,
      "mae": 0.06353674083948135,
      "pearson": 0.6562014222145081,
      "p_value": 1.4139287783885068e-123,
      "label_mean": 0.5104852318763733,
      "label_std": 0.11218187212944031,
      "pred_mean": 0.5086390972137451,
      "pred_std": 0.07924462854862213
    },
    "mood_imagination": {
      "r2": 0.47921639680862427,
      "mae": 0.05519106984138489,
      "pearson": 0.6925897002220154,
      "p_value": 4.9032311506833395e-143,
      "label_mean": 0.6025237441062927,
      "label_std": 0.0976666808128357,
      "pred_mean": 0.602982223033905,
      "pred_std": 0.06558948010206223
    },
    "sophistication": {
      "r2": 0.5606061816215515,
      "mae": 0.06099206209182739,
      "pearson": 0.7501736879348755,
      "p_value": 1.3963742569684062e-180,
      "label_mean": 0.5498096346855164,
      "label_std": 0.11772657930850983,
      "pred_mean": 0.5445078015327454,
      "pred_std": 0.08699358254671097
    },
    "interpretation": {
      "r2": 0.41392016410827637,
      "mae": 0.06851819902658463,
      "pearson": 0.6442221403121948,
      "p_value": 9.515343654448791e-118,
      "label_mean": 0.5661763548851013,
      "label_std": 0.11534003168344498,
      "pred_mean": 0.5631875395774841,
      "pred_std": 0.07669780403375626
    }
  },
  "training_time_seconds": 2098.9706637859344
}