{
  "primary": 40.0,
  "guards": {
    "g1": 0.0,
    "g2": 0.6666666666666666,
    "g3": 0.0,
    "g4": 94.44444444444444,
    "g5": 0.0
  }
}