{
  "piece": "chopin_ballade_1",
  "video_id": "2cEhqylETzY",
  "amt_note_count": 5282,
  "score_note_count": 5171,
  "measure_count": 264,
  "matched_label_count": 4756,
  "matched_pair_count": 4756,
  "match_rate_vs_amt": 0.9004165088981446,
  "match_rate_vs_score": 0.9197447302262618,
  "parangonar_seconds": 195.4926471710205,
  "anchor_bars": {
    "30.0s": 6.179930795847751,
    "90.0s": 20.281931464174455,
    "180.0s": 49.625,
    "270.0s": 81.92594401041667,
    "360.0s": 102.75611620795108,
    "450.0s": 144.11309523809524,
    "540.0s": 191.7037037037037,
    "600.0s": 205.6893939393939,
    "690.0s": 256.3049132947977
  }
}