{
  "experiment_id": "D9a_mert_muq_ensemble",
  "description": "MERT+MuQ late fusion ensemble",
  "config": {
    "input_dim": 1024,
    "hidden_dim": 512,
    "num_labels": 19,
    "dropout": 0.2,
    "learning_rate": 0.0001,
    "weight_decay": 1e-05,
    "gradient_clip_val": 1.0,
    "batch_size": 64,
    "max_epochs": 200,
    "patience": 15,
    "max_frames": 1000,
    "n_folds": 4,
    "num_workers": 2,
    "seed": 42,
    "fusion_weight": 0.5
  },
  "summary": {
    "avg_r2": 0.4901021420955658,
    "std_r2": 0.02377954125404358,
    "r2_ci_95": [
      0.4203647218644619,
      0.4687315359711647
    ],
    "overall_r2": 0.44504818320274353,
    "overall_mae": 0.07033324986696243,
    "dispersion_ratio": 0.7108850479125977
  },
  "fold_results": {
    "2": 0.4663226008415222,
    "3": 0.5138816833496094
  },
  "per_dimension": {
    "timing": {
      "r2": 0.3095850348472595,
      "mae": 0.088428795337677,
      "pearson": 0.5624914765357971,
      "p_value": 4.291373838778271e-84,
      "label_mean": 0.4841463267803192,
      "label_std": 0.13315917551517487,
      "pred_mean": 0.49280789494514465,
      "pred_std": 0.0816652849316597
    },
    "articulation_length": {
      "r2": 0.6187236309051514,
      "mae": 0.06189819052815437,
      "pearson": 0.7881900072097778,
      "p_value": 1.4529598629478807e-211,
      "label_mean": 0.5528336763381958,
      "label_std": 0.12750078737735748,
      "pred_mean": 0.5586910843849182,
      "pred_std": 0.10307461768388748
    },
    "articulation_touch": {
      "r2": 0.4910319447517395,
      "mae": 0.0668088048696518,
      "pearson": 0.7013344764709473,
      "p_value": 3.745131971220796e-148,
      "label_mean": 0.5556268692016602,
      "label_std": 0.11905946582555771,
      "pred_mean": 0.5522017478942871,
      "pred_std": 0.0838862732052803
    },
    "pedal_amount": {
      "r2": 0.5009301900863647,
      "mae": 0.09878109395503998,
      "pearson": 0.7089582681655884,
      "p_value": 9.062809163801659e-153,
      "label_mean": 0.6203432679176331,
      "label_std": 0.17973750829696655,
      "pred_mean": 0.6205724477767944,
      "pred_std": 0.1348150372505188
    },
    "pedal_clarity": {
      "r2": 0.39218467473983765,
      "mae": 0.10466150939464569,
      "pearson": 0.6289123296737671,
      "p_value": 1.1387001250870789e-110,
      "label_mean": 0.5288309454917908,
      "label_std": 0.16834025084972382,
      "pred_mean": 0.5346930027008057,
      "pred_std": 0.11364660412073135
    },
    "timbre_variety": {
      "r2": 0.3676077723503113,
      "mae": 0.07260259240865707,
      "pearson": 0.6188895106315613,
      "p_value": 3.0139365850668807e-106,
      "label_mean": 0.5332480072975159,
      "label_std": 0.11646948009729385,
      "pred_mean": 0.5420953631401062,
      "pred_std": 0.08352068811655045
    },
    "timbre_depth": {
      "r2": 0.48496246337890625,
      "mae": 0.07254116982221603,
      "pearson": 0.6994307041168213,
      "p_value": 5.050400475155898e-147,
      "label_mean": 0.5938758254051208,
      "label_std": 0.128086119890213,
      "pred_mean": 0.599750280380249,
      "pred_std": 0.09550923109054565
    },
    "timbre_brightness": {
      "r2": 0.3539204001426697,
      "mae": 0.06156354025006294,
      "pearson": 0.6000970602035522,
      "p_value": 2.2566866235787913e-98,
      "label_mean": 0.4967922568321228,
      "label_std": 0.10502893477678299,
      "pred_mean": 0.4950123429298401,
      "pred_std": 0.07110106945037842
    },
    "timbre_loudness": {
      "r2": 0.5518534183502197,
      "mae": 0.06360781937837601,
      "pearson": 0.7433421611785889,
      "p_value": 1.326837287765589e-175,
      "label_mean": 0.5845330357551575,
      "label_std": 0.12392674386501312,
      "pred_mean": 0.5821534395217896,
      "pred_std": 0.08985000848770142
    },
    "dynamic_range": {
      "r2": 0.506746232509613,
      "mae": 0.06736480444669724,
      "pearson": 0.7119317054748535,
      "p_value": 1.3061884035061842e-154,
      "label_mean": 0.5251308083534241,
      "label_std": 0.12373863160610199,
      "pred_mean": 0.5245464444160461,
      "pred_std": 0.089187853038311
    },
    "tempo": {
      "r2": 0.23678666353225708,
      "mae": 0.06828267127275467,
      "pearson": 0.4996040463447571,
      "p_value": 6.097122049456934e-64,
      "label_mean": 0.5355069041252136,
      "label_std": 0.10194859653711319,
      "pred_mean": 0.5351508855819702,
      "pred_std": 0.062470514327287674
    },
    "space": {
      "r2": 0.6412299871444702,
      "mae": 0.05482660233974457,
      "pearson": 0.8007724285125732,
      "p_value": 2.8967499807952848e-223,
      "label_mean": 0.5221661329269409,
      "label_std": 0.11978843063116074,
      "pred_mean": 0.5218619108200073,
      "pred_std": 0.09596414119005203
    },
    "balance": {
      "r2": 0.44859498739242554,
      "mae": 0.06547953188419342,
      "pearson": 0.6749023199081421,
      "p_value": 3.1568973167551295e-133,
      "label_mean": 0.560691237449646,
      "label_std": 0.11247605830430984,
      "pred_mean": 0.5648762583732605,
      "pred_std": 0.08426216244697571
    },
    "drama": {
      "r2": 0.38309282064437866,
      "mae": 0.06579993665218353,
      "pearson": 0.6220938563346863,
      "p_value": 1.2095993218387048e-107,
      "label_mean": 0.611358106136322,
      "label_std": 0.10769056528806686,
      "pred_mean": 0.6104095578193665,
      "pred_std": 0.0736585259437561
    },
    "mood_valence": {
      "r2": 0.37344563007354736,
      "mae": 0.07092154771089554,
      "pearson": 0.6180061101913452,
      "p_value": 7.266388191600677e-106,
      "label_mean": 0.5852612853050232,
      "label_std": 0.11473122984170914,
      "pred_mean": 0.5923877358436584,
      "pred_std": 0.07870961725711823
    },
    "mood_energy": {
      "r2": 0.4058692455291748,
      "mae": 0.06413795799016953,
      "pearson": 0.6383970975875854,
      "p_value": 5.234714950900203e-115,
      "label_mean": 0.5104852318763733,
      "label_std": 0.11218187212944031,
      "pred_mean": 0.5093055963516235,
      "pred_std": 0.07606299966573715
    },
    "mood_imagination": {
      "r2": 0.4657207727432251,
      "mae": 0.05613568052649498,
      "pearson": 0.6836509108543396,
      "p_value": 5.430582707643288e-138,
      "label_mean": 0.6025237441062927,
      "label_std": 0.0976666808128357,
      "pred_mean": 0.5987850427627563,
      "pred_std": 0.06541556119918823
    },
    "sophistication": {
      "r2": 0.5508731603622437,
      "mae": 0.06167023628950119,
      "pearson": 0.7443712949752808,
      "p_value": 2.4161376659022e-176,
      "label_mean": 0.5498096942901611,
      "label_std": 0.11772658675909042,
      "pred_mean": 0.5557543635368347,
      "pred_std": 0.09066975116729736
    },
    "interpretation": {
      "r2": 0.37275540828704834,
      "mae": 0.07081916928291321,
      "pearson": 0.6147673726081848,
      "p_value": 1.7867090432989022e-104,
      "label_mean": 0.5661763548851013,
      "label_std": 0.11534003168344498,
      "pred_mean": 0.5677982568740845,
      "pred_std": 0.07905134558677673
    }
  },
  "training_time_seconds": 1909.3548023700714
}