{
  "experiment_id": "D9b_mert_muq_concat",
  "description": "MERT+MuQ early fusion concat",
  "config": {
    "input_dim": 1024,
    "hidden_dim": 512,
    "num_labels": 19,
    "dropout": 0.2,
    "learning_rate": 0.0001,
    "weight_decay": 1e-05,
    "gradient_clip_val": 1.0,
    "batch_size": 64,
    "max_epochs": 200,
    "patience": 15,
    "max_frames": 1000,
    "n_folds": 4,
    "num_workers": 2,
    "seed": 42,
    "fusion_weight": 0.5
  },
  "summary": {
    "avg_r2": 0.47060104459524155,
    "std_r2": 0.02105852830883651,
    "r2_ci_95": [
      0.45160845667123795,
      0.4977702468633652
    ],
    "overall_r2": 0.4750867784023285,
    "overall_mae": 0.06834866851568222,
    "dispersion_ratio": 0.7216013073921204
  },
  "fold_results": {
    "0": 0.4366322159767151,
    "1": 0.4767400920391083,
    "2": 0.47464099526405334,
    "3": 0.4943908751010895
  },
  "per_dimension": {
    "timing": {
      "r2": 0.30454790592193604,
      "mae": 0.0888303741812706,
      "pearson": 0.5530042052268982,
      "p_value": 8.963760640024571e-81,
      "label_mean": 0.4841463267803192,
      "label_std": 0.13315917551517487,
      "pred_mean": 0.4813591241836548,
      "pred_std": 0.06980691850185394
    },
    "articulation_length": {
      "r2": 0.6478724479675293,
      "mae": 0.05955391004681587,
      "pearson": 0.804908037185669,
      "p_value": 2.6988008429437484e-227,
      "label_mean": 0.5528336763381958,
      "label_std": 0.12750078737735748,
      "pred_mean": 0.5525899529457092,
      "pred_std": 0.10274921357631683
    },
    "articulation_touch": {
      "r2": 0.5379233360290527,
      "mae": 0.06335104256868362,
      "pearson": 0.7337182760238647,
      "p_value": 7.452076980785767e-169,
      "label_mean": 0.5556268692016602,
      "label_std": 0.11905946582555771,
      "pred_mean": 0.5571039915084839,
      "pred_std": 0.08929503709077835
    },
    "pedal_amount": {
      "r2": 0.5300330519676208,
      "mae": 0.09494753181934357,
      "pearson": 0.7307424545288086,
      "p_value": 7.94282895825224e-167,
      "label_mean": 0.6203432679176331,
      "label_std": 0.17973750829696655,
      "pred_mean": 0.6167975068092346,
      "pred_std": 0.1420692801475525
    },
    "pedal_clarity": {
      "r2": 0.43032318353652954,
      "mae": 0.10043713450431824,
      "pearson": 0.6587467193603516,
      "p_value": 7.542702606401861e-125,
      "label_mean": 0.5288309454917908,
      "label_std": 0.16834025084972382,
      "pred_mean": 0.5296883583068848,
      "pred_std": 0.1209912970662117
    },
    "timbre_variety": {
      "r2": 0.4293590188026428,
      "mae": 0.07032585889101028,
      "pearson": 0.6580624580383301,
      "p_value": 1.6631763586145487e-124,
      "label_mean": 0.5332480072975159,
      "label_std": 0.11646948009729385,
      "pred_mean": 0.5321617722511292,
      "pred_std": 0.08363242447376251
    },
    "timbre_depth": {
      "r2": 0.5321394205093384,
      "mae": 0.06872273236513138,
      "pearson": 0.7316074371337891,
      "p_value": 2.0577376661996666e-167,
      "label_mean": 0.5938758254051208,
      "label_std": 0.128086119890213,
      "pred_mean": 0.5888530611991882,
      "pred_std": 0.09878772497177124
    },
    "timbre_brightness": {
      "r2": 0.3159388303756714,
      "mae": 0.06284225732088089,
      "pearson": 0.583111047744751,
      "p_value": 1.0821400686104969e-91,
      "label_mean": 0.4967922568321228,
      "label_std": 0.10502893477678299,
      "pred_mean": 0.49060043692588806,
      "pred_std": 0.07631956040859222
    },
    "timbre_loudness": {
      "r2": 0.5792807340621948,
      "mae": 0.061482805758714676,
      "pearson": 0.7641259431838989,
      "p_value": 2.8676631273597835e-191,
      "label_mean": 0.5845330357551575,
      "label_std": 0.12392674386501312,
      "pred_mean": 0.587303102016449,
      "pred_std": 0.08675260841846466
    },
    "dynamic_range": {
      "r2": 0.591844916343689,
      "mae": 0.06162622943520546,
      "pearson": 0.7705516219139099,
      "p_value": 1.9152377729025958e-196,
      "label_mean": 0.5251308083534241,
      "label_std": 0.12373863160610199,
      "pred_mean": 0.5305272936820984,
      "pred_std": 0.09555893391370773
    },
    "tempo": {
      "r2": 0.2965881824493408,
      "mae": 0.06616368889808655,
      "pearson": 0.5458565354347229,
      "p_value": 2.4217811376318845e-78,
      "label_mean": 0.5355069041252136,
      "label_std": 0.10194859653711319,
      "pred_mean": 0.5337304472923279,
      "pred_std": 0.0589803010225296
    },
    "space": {
      "r2": 0.6192579865455627,
      "mae": 0.05675956979393959,
      "pearson": 0.7874366044998169,
      "p_value": 6.877327664769273e-211,
      "label_mean": 0.5221661329269409,
      "label_std": 0.11978843063116074,
      "pred_mean": 0.5203534960746765,
      "pred_std": 0.09146744012832642
    },
    "balance": {
      "r2": 0.4802313446998596,
      "mae": 0.06388354301452637,
      "pearson": 0.6971019506454468,
      "p_value": 1.18382756045304e-145,
      "label_mean": 0.560691237449646,
      "label_std": 0.11247605830430984,
      "pred_mean": 0.5561550855636597,
      "pred_std": 0.08560337126255035
    },
    "drama": {
      "r2": 0.4314795136451721,
      "mae": 0.06342535465955734,
      "pearson": 0.6607481241226196,
      "p_value": 7.377033541621254e-126,
      "label_mean": 0.611358106136322,
      "label_std": 0.10769056528806686,
      "pred_mean": 0.6041728258132935,
      "pred_std": 0.07391636073589325
    },
    "mood_valence": {
      "r2": 0.3888852000236511,
      "mae": 0.07095801830291748,
      "pearson": 0.6269168853759766,
      "p_value": 8.909564117179682e-110,
      "label_mean": 0.5852612853050232,
      "label_std": 0.11473122984170914,
      "pred_mean": 0.5837147831916809,
      "pred_std": 0.07914502173662186
    },
    "mood_energy": {
      "r2": 0.4083150625228882,
      "mae": 0.0637846440076828,
      "pearson": 0.6521081924438477,
      "p_value": 1.4845757050888207e-121,
      "label_mean": 0.5104852318763733,
      "label_std": 0.11218187212944031,
      "pred_mean": 0.5028653740882874,
      "pred_std": 0.08560451865196228
    },
    "mood_imagination": {
      "r2": 0.47342586517333984,
      "mae": 0.055570539087057114,
      "pearson": 0.6886831521987915,
      "p_value": 8.272253533399831e-141,
      "label_mean": 0.6025237441062927,
      "label_std": 0.0976666808128357,
      "pred_mean": 0.6037553548812866,
      "pred_std": 0.06467817723751068
    },
    "sophistication": {
      "r2": 0.5915181636810303,
      "mae": 0.058800555765628815,
      "pearson": 0.7693995237350464,
      "p_value": 1.669380994911786e-195,
      "label_mean": 0.5498096942901611,
      "label_std": 0.11772658675909042,
      "pred_mean": 0.5481687784194946,
      "pred_std": 0.09248890727758408
    },
    "interpretation": {
      "r2": 0.43768310546875,
      "mae": 0.0671590194106102,
      "pearson": 0.6622618436813354,
      "p_value": 1.2562414117899104e-126,
      "label_mean": 0.5661763548851013,
      "label_std": 0.11534003168344498,
      "pred_mean": 0.5648216009140015,
      "pred_std": 0.07958515733480453
    }
  },
  "training_time_seconds": 2589.039051055908
}