{
  "experiment_id": "D9c_mert_muq_gated",
  "description": "MERT+MuQ asymmetric gated fusion",
  "config": {
    "input_dim": 1024,
    "hidden_dim": 512,
    "num_labels": 19,
    "dropout": 0.2,
    "learning_rate": 0.0001,
    "weight_decay": 1e-05,
    "gradient_clip_val": 1.0,
    "batch_size": 64,
    "max_epochs": 200,
    "patience": 15,
    "max_frames": 1000,
    "n_folds": 4,
    "num_workers": 2,
    "seed": 42,
    "fusion_weight": 0.5
  },
  "summary": {
    "avg_r2": 0.5163332968950272,
    "std_r2": 0.03391806436862944,
    "r2_ci_95": [
      0.49678690880537035,
      0.5430402621626854
    ],
    "overall_r2": 0.5212909579277039,
    "overall_mae": 0.06487420946359634,
    "dispersion_ratio": 0.78898686170578
  },
  "fold_results": {
    "0": 0.48528552055358887,
    "1": 0.505385160446167,
    "2": 0.5010263919830322,
    "3": 0.5736361145973206
  },
  "per_dimension": {
    "timing": {
      "r2": 0.480690062046051,
      "mae": 0.07535023242235184,
      "pearson": 0.6938807368278503,
      "p_value": 8.843110433187385e-144,
      "label_mean": 0.4841463267803192,
      "label_std": 0.13315917551517487,
      "pred_mean": 0.485882043838501,
      "pred_std": 0.09568673372268677
    },
    "articulation_length": {
      "r2": 0.6671475172042847,
      "mae": 0.05742356926202774,
      "pearson": 0.8183956146240234,
      "p_value": 3.816628441898569e-241,
      "label_mean": 0.5528336763381958,
      "label_std": 0.12750078737735748,
      "pred_mean": 0.5592882633209229,
      "pred_std": 0.10534331947565079
    },
    "articulation_touch": {
      "r2": 0.5810335874557495,
      "mae": 0.060518622398376465,
      "pearson": 0.7643676996231079,
      "p_value": 1.8442543933620588e-191,
      "label_mean": 0.5556268692016602,
      "label_std": 0.11905946582555771,
      "pred_mean": 0.5507389903068542,
      "pred_std": 0.09567596018314362
    },
    "pedal_amount": {
      "r2": 0.574455738067627,
      "mae": 0.08938543498516083,
      "pearson": 0.761745810508728,
      "p_value": 2.1512174656182834e-189,
      "label_mean": 0.6203432679176331,
      "label_std": 0.17973750829696655,
      "pred_mean": 0.6272344589233398,
      "pred_std": 0.14874275028705597
    },
    "pedal_clarity": {
      "r2": 0.4827190041542053,
      "mae": 0.09428189694881439,
      "pearson": 0.7000997066497803,
      "p_value": 2.0291088632240086e-147,
      "label_mean": 0.5288309454917908,
      "label_std": 0.16834025084972382,
      "pred_mean": 0.5347022414207458,
      "pred_std": 0.13111452758312225
    },
    "timbre_variety": {
      "r2": 0.4398340582847595,
      "mae": 0.07040643692016602,
      "pearson": 0.6714177131652832,
      "p_value": 2.2457182213574302e-131,
      "label_mean": 0.5332480072975159,
      "label_std": 0.11646948009729385,
      "pred_mean": 0.5315125584602356,
      "pred_std": 0.09027299284934998
    },
    "timbre_depth": {
      "r2": 0.5863670110702515,
      "mae": 0.06421999633312225,
      "pearson": 0.7705753445625305,
      "p_value": 1.8318975261021243e-196,
      "label_mean": 0.5938758254051208,
      "label_std": 0.128086119890213,
      "pred_mean": 0.6015085577964783,
      "pred_std": 0.10666661709547043
    },
    "timbre_brightness": {
      "r2": 0.43053770065307617,
      "mae": 0.05784372240304947,
      "pearson": 0.6625921726226807,
      "p_value": 8.52517343360841e-127,
      "label_mean": 0.4967922568321228,
      "label_std": 0.10502893477678299,
      "pred_mean": 0.5007942914962769,
      "pred_std": 0.07840301841497421
    },
    "timbre_loudness": {
      "r2": 0.6243270039558411,
      "mae": 0.05938303470611572,
      "pearson": 0.7904508113861084,
      "p_value": 1.3168585492528908e-213,
      "label_mean": 0.5845330357551575,
      "label_std": 0.12392674386501312,
      "pred_mean": 0.5834985971450806,
      "pred_std": 0.09543078392744064
    },
    "dynamic_range": {
      "r2": 0.6095433235168457,
      "mae": 0.060786474496126175,
      "pearson": 0.7828989624977112,
      "p_value": 7.022351644749622e-207,
      "label_mean": 0.5251308083534241,
      "label_std": 0.12373863160610199,
      "pred_mean": 0.5287155508995056,
      "pred_std": 0.10312111675739288
    },
    "tempo": {
      "r2": 0.22363096475601196,
      "mae": 0.06856337189674377,
      "pearson": 0.504876971244812,
      "p_value": 1.7914958517485385e-65,
      "label_mean": 0.5355069041252136,
      "label_std": 0.10194859653711319,
      "pred_mean": 0.5345492362976074,
      "pred_std": 0.06947388499975204
    },
    "space": {
      "r2": 0.6564712524414062,
      "mae": 0.05215905234217644,
      "pearson": 0.8126323819160461,
      "p_value": 4.334304341387913e-235,
      "label_mean": 0.5221661329269409,
      "label_std": 0.11978843063116074,
      "pred_mean": 0.5198976993560791,
      "pred_std": 0.10447274148464203
    },
    "balance": {
      "r2": 0.5174541473388672,
      "mae": 0.061230216175317764,
      "pearson": 0.7261836528778076,
      "p_value": 8.998972699451471e-164,
      "label_mean": 0.560691237449646,
      "label_std": 0.11247605830430984,
      "pred_mean": 0.5619047284126282,
      "pred_std": 0.09279697388410568
    },
    "drama": {
      "r2": 0.4497666358947754,
      "mae": 0.062413476407527924,
      "pearson": 0.6767277121543884,
      "p_value": 3.3021428394431913e-134,
      "label_mean": 0.611358106136322,
      "label_std": 0.10769056528806686,
      "pred_mean": 0.6129249930381775,
      "pred_std": 0.08249852061271667
    },
    "mood_valence": {
      "r2": 0.43013232946395874,
      "mae": 0.06863164156675339,
      "pearson": 0.6624259352684021,
      "p_value": 1.036171147841387e-126,
      "label_mean": 0.5852612853050232,
      "label_std": 0.11473122984170914,
      "pred_mean": 0.5820040106773376,
      "pred_std": 0.08617903292179108
    },
    "mood_energy": {
      "r2": 0.52413010597229,
      "mae": 0.05668274685740471,
      "pearson": 0.7285096645355225,
      "p_value": 2.533011639033306e-165,
      "label_mean": 0.5104852318763733,
      "label_std": 0.11218187212944031,
      "pred_mean": 0.5137034058570862,
      "pred_std": 0.09024926275014877
    },
    "mood_imagination": {
      "r2": 0.500132143497467,
      "mae": 0.05388432741165161,
      "pearson": 0.7085803151130676,
      "p_value": 1.5476516739670152e-152,
      "label_mean": 0.6025237441062927,
      "label_std": 0.0976666808128357,
      "pred_mean": 0.5994457006454468,
      "pred_std": 0.0722317323088646
    },
    "sophistication": {
      "r2": 0.6548022031784058,
      "mae": 0.05471254885196686,
      "pearson": 0.8095883131027222,
      "p_value": 5.637642547141309e-232,
      "label_mean": 0.5498096942901611,
      "label_std": 0.11772658675909042,
      "pred_mean": 0.5469828248023987,
      "pred_std": 0.09617926925420761
    },
    "interpretation": {
      "r2": 0.47135239839553833,
      "mae": 0.06473305821418762,
      "pearson": 0.6917393207550049,
      "p_value": 1.507808058866305e-142,
      "label_mean": 0.5661763548851013,
      "label_std": 0.11534003168344498,
      "pred_mean": 0.5663465857505798,
      "pred_std": 0.08953716605901718
    }
  },
  "training_time_seconds": 2758.452140569687
}