{
  "exp_id": "F11_muq_symbolic_confidence",
  "overall_r2": 0.5163623748424795,
  "bootstrap": {
    "overall": {
      "r2": 0.5163623748424795,
      "ci_lower": 0.49332195123524814,
      "ci_median": 0.5155988711216257,
      "ci_upper": 0.5369419886596495
    },
    "per_dimension": {
      "timing": {
        "r2": 0.39939661629637424,
        "ci_lower": 0.3518818069350742,
        "ci_upper": 0.444654197039755
      },
      "articulation_length": {
        "r2": 0.6781758834840992,
        "ci_lower": 0.6468512936142686,
        "ci_upper": 0.7059449905760176
      },
      "articulation_touch": {
        "r2": 0.5432055119878952,
        "ci_lower": 0.49775007494787615,
        "ci_upper": 0.5838913670361316
      },
      "pedal_amount": {
        "r2": 0.554670461275691,
        "ci_lower": 0.5099651862923907,
        "ci_upper": 0.5950637365137804
      },
      "pedal_clarity": {
        "r2": 0.44646349763284954,
        "ci_lower": 0.40195309138519236,
        "ci_upper": 0.4876660775646916
      },
      "timbre_variety": {
        "r2": 0.4521416928240616,
        "ci_lower": 0.40282845901500236,
        "ci_upper": 0.4965234915608765
      },
      "timbre_depth": {
        "r2": 0.5712897865282479,
        "ci_lower": 0.5269482393756862,
        "ci_upper": 0.6114277429428969
      },
      "timbre_brightness": {
        "r2": 0.48563564931781333,
        "ci_lower": 0.43933219787503336,
        "ci_upper": 0.5292768154518075
      },
      "timbre_loudness": {
        "r2": 0.5883128427895412,
        "ci_lower": 0.5488080440347908,
        "ci_upper": 0.6241216228649941
      },
      "dynamic_range": {
        "r2": 0.5840958467084991,
        "ci_lower": 0.5398204742549134,
        "ci_upper": 0.6246242519487029
      },
      "tempo": {
        "r2": 0.29286522424883255,
        "ci_lower": 0.23464033165269244,
        "ci_upper": 0.3476537649422482
      },
      "space": {
        "r2": 0.6580519847607895,
        "ci_lower": 0.6210075154064258,
        "ci_upper": 0.6915566850304781
      },
      "balance": {
        "r2": 0.5256271054084556,
        "ci_lower": 0.47840710751165566,
        "ci_upper": 0.567081384431292
      },
      "drama": {
        "r2": 0.437987150105298,
        "ci_lower": 0.38039742020837647,
        "ci_upper": 0.4895189963342876
      },
      "mood_valence": {
        "r2": 0.4459037235175991,
        "ci_lower": 0.4007493726972704,
        "ci_upper": 0.48645516843930425
      },
      "mood_energy": {
        "r2": 0.5520049569249579,
        "ci_lower": 0.5078226859970991,
        "ci_upper": 0.5923385632216414
      },
      "mood_imagination": {
        "r2": 0.4902061089663339,
        "ci_lower": 0.4449106473349626,
        "ci_upper": 0.5319633803876691
      },
      "sophistication": {
        "r2": 0.6426866115029158,
        "ci_lower": 0.6045478770395633,
        "ci_upper": 0.6760808210409671
      },
      "interpretation": {
        "r2": 0.46216446772686115,
        "ci_lower": 0.40818257783958384,
        "ci_upper": 0.5100699792698157
      }
    }
  },
  "weights": {
    "timing": 0.776203618948731,
    "articulation_length": 0.5604785296856776,
    "articulation_touch": 0.5699584522338995,
    "pedal_amount": 0.6005431138863425,
    "pedal_clarity": 0.6556561178530326,
    "timbre_variety": 0.5795587749530686,
    "timbre_depth": 0.5929886041963902,
    "timbre_brightness": 0.674859421790929,
    "timbre_loudness": 0.6081646256510307,
    "dynamic_range": 0.5991093040321037,
    "tempo": 0.5324924941674843,
    "space": 0.5630476969049099,
    "balance": 0.601118149093424,
    "drama": 0.5889060561682131,
    "mood_valence": 0.5926503270244031,
    "mood_energy": 0.5751184439780216,
    "mood_imagination": 0.5881749790157933,
    "sophistication": 0.5985633306003051,
    "interpretation": 0.5839287424990507
  }
}