{
  "exp_id": "F8_muq_symbolic_simple",
  "overall_r2": 0.5004704370255425,
  "bootstrap": {
    "overall": {
      "r2": 0.5004704370255425,
      "ci_lower": 0.47697344180256956,
      "ci_median": 0.49964934191694454,
      "ci_upper": 0.521241950116906
    },
    "per_dimension": {
      "timing": {
        "r2": 0.34096314706441766,
        "ci_lower": 0.29701854531314975,
        "ci_upper": 0.3832013717239321
      },
      "articulation_length": {
        "r2": 0.6700425159546373,
        "ci_lower": 0.6375300511324498,
        "ci_upper": 0.6987518063950233
      },
      "articulation_touch": {
        "r2": 0.5352364969064758,
        "ci_lower": 0.4891311299446111,
        "ci_upper": 0.5766523224362211
      },
      "pedal_amount": {
        "r2": 0.5386810909597226,
        "ci_lower": 0.4925871512399024,
        "ci_upper": 0.5805749330344235
      },
      "pedal_clarity": {
        "r2": 0.42019440007023157,
        "ci_lower": 0.37420145775003294,
        "ci_upper": 0.4633607406769643
      },
      "timbre_variety": {
        "r2": 0.4448946621034465,
        "ci_lower": 0.3955901330883705,
        "ci_upper": 0.48922689470000036
      },
      "timbre_depth": {
        "r2": 0.5568276317153495,
        "ci_lower": 0.5117419421845352,
        "ci_upper": 0.5975276826272533
      },
      "timbre_brightness": {
        "r2": 0.4494748351851189,
        "ci_lower": 0.40087110683768606,
        "ci_upper": 0.49522542224557514
      },
      "timbre_loudness": {
        "r2": 0.5687906496482038,
        "ci_lower": 0.527554245117834,
        "ci_upper": 0.606967598316109
      },
      "dynamic_range": {
        "r2": 0.5679899002358668,
        "ci_lower": 0.5228248425459657,
        "ci_upper": 0.6089543124699804
      },
      "tempo": {
        "r2": 0.29213562777209423,
        "ci_lower": 0.23424425033270996,
        "ci_upper": 0.34672917340932774
      },
      "space": {
        "r2": 0.6494451724188653,
        "ci_lower": 0.6115921435140984,
        "ci_upper": 0.6835444781011336
      },
      "balance": {
        "r2": 0.510453991265769,
        "ci_lower": 0.4629892205987613,
        "ci_upper": 0.5520537377829328
      },
      "drama": {
        "r2": 0.4285958374257933,
        "ci_lower": 0.3728177722182992,
        "ci_upper": 0.4789122528042592
      },
      "mood_valence": {
        "r2": 0.4359501061155838,
        "ci_lower": 0.39078300155756635,
        "ci_upper": 0.4764383483741395
      },
      "mood_energy": {
        "r2": 0.5431636041847411,
        "ci_lower": 0.4983772603062759,
        "ci_upper": 0.5831253338603056
      },
      "mood_imagination": {
        "r2": 0.4796093428450302,
        "ci_lower": 0.4326695974039602,
        "ci_upper": 0.5229704272765694
      },
      "sophistication": {
        "r2": 0.6234973744476726,
        "ci_lower": 0.5849031050838981,
        "ci_upper": 0.6575234588782783
      },
      "interpretation": {
        "r2": 0.4529919171662887,
        "ci_lower": 0.3998908121906344,
        "ci_upper": 0.5004978691907638
      }
    }
  }
}