{
  "exp_id": "F9_muq_symbolic_weighted",
  "overall_r2": 0.5237022300614647,
  "bootstrap": {
    "overall": {
      "r2": 0.5237022300614647,
      "ci_lower": 0.49990051190928525,
      "ci_median": 0.523028693572275,
      "ci_upper": 0.5447774224108158
    },
    "per_dimension": {
      "timing": {
        "r2": 0.4113473956880511,
        "ci_lower": 0.35827526383869535,
        "ci_upper": 0.4604444323600866
      },
      "articulation_length": {
        "r2": 0.6917332739680417,
        "ci_lower": 0.662055385873537,
        "ci_upper": 0.718008998716808
      },
      "articulation_touch": {
        "r2": 0.5498513405251968,
        "ci_lower": 0.5046811347975452,
        "ci_upper": 0.5908791967252129
      },
      "pedal_amount": {
        "r2": 0.5688217876062653,
        "ci_lower": 0.5260624928680769,
        "ci_upper": 0.6078381849195752
      },
      "pedal_clarity": {
        "r2": 0.4584400361798334,
        "ci_lower": 0.4138440205264249,
        "ci_upper": 0.4991253903436952
      },
      "timbre_variety": {
        "r2": 0.4433932491950606,
        "ci_lower": 0.39122215196408866,
        "ci_upper": 0.4903898470341787
      },
      "timbre_depth": {
        "r2": 0.5836672402005539,
        "ci_lower": 0.5384599432869013,
        "ci_upper": 0.6240638101352913
      },
      "timbre_brightness": {
        "r2": 0.5001938189073144,
        "ci_lower": 0.4515463680007331,
        "ci_upper": 0.5466193850161771
      },
      "timbre_loudness": {
        "r2": 0.6052764331239493,
        "ci_lower": 0.5664086111357195,
        "ci_upper": 0.64018325662442
      },
      "dynamic_range": {
        "r2": 0.5917570470016911,
        "ci_lower": 0.5451548216841389,
        "ci_upper": 0.6337410734099319
      },
      "tempo": {
        "r2": 0.2902785675185118,
        "ci_lower": 0.23194424167699526,
        "ci_upper": 0.34447460554772885
      },
      "space": {
        "r2": 0.6707361194385022,
        "ci_lower": 0.6335196998114029,
        "ci_upper": 0.7040003867292187
      },
      "balance": {
        "r2": 0.5385726325188291,
        "ci_lower": 0.4888513371260161,
        "ci_upper": 0.5821831089520575
      },
      "drama": {
        "r2": 0.429213908969041,
        "ci_lower": 0.36499675078737753,
        "ci_upper": 0.4851252843773988
      },
      "mood_valence": {
        "r2": 0.4396795853132278,
        "ci_lower": 0.3928010756747513,
        "ci_upper": 0.48191010074435925
      },
      "mood_energy": {
        "r2": 0.551849804337863,
        "ci_lower": 0.5033894001204181,
        "ci_upper": 0.596057353009227
      },
      "mood_imagination": {
        "r2": 0.4960755146061202,
        "ci_lower": 0.4510706774016608,
        "ci_upper": 0.5378071867852118
      },
      "sophistication": {
        "r2": 0.6693565387375979,
        "ci_lower": 0.6289957664585264,
        "ci_upper": 0.704492304181533
      },
      "interpretation": {
        "r2": 0.46009807733218533,
        "ci_lower": 0.4022798821394733,
        "ci_upper": 0.5107352230397822
      }
    }
  },
  "optimal_weights": {
    "timing": 0.9750000000000001,
    "articulation_length": 0.8250000000000001,
    "articulation_touch": 0.75,
    "pedal_amount": 0.8250000000000001,
    "pedal_clarity": 0.8625,
    "timbre_variety": 0.675,
    "timbre_depth": 0.8375000000000001,
    "timbre_brightness": 0.9375,
    "timbre_loudness": 0.8375,
    "dynamic_range": 0.8125,
    "tempo": 0.5625,
    "space": 0.8500000000000001,
    "balance": 0.8125000000000001,
    "drama": 0.7625000000000001,
    "mood_valence": 0.725,
    "mood_energy": 0.7374999999999999,
    "mood_imagination": 0.75,
    "sophistication": 0.9375,
    "interpretation": 0.7500000000000001
  },
  "fold_weights": {
    "timing": [
      1.0,
      1.0,
      0.9500000000000001,
      0.9500000000000001
    ],
    "articulation_length": [
      0.8500000000000001,
      0.8500000000000001,
      0.8500000000000001,
      0.75
    ],
    "articulation_touch": [
      0.75,
      0.7000000000000001,
      0.8,
      0.75
    ],
    "pedal_amount": [
      0.8,
      0.8500000000000001,
      0.8,
      0.8500000000000001
    ],
    "pedal_clarity": [
      0.8500000000000001,
      0.8500000000000001,
      0.9,
      0.8500000000000001
    ],
    "timbre_variety": [
      0.75,
      0.7000000000000001,
      0.7000000000000001,
      0.55
    ],
    "timbre_depth": [
      0.9,
      0.8,
      0.8500000000000001,
      0.8
    ],
    "timbre_brightness": [
      0.9500000000000001,
      0.9,
      1.0,
      0.9
    ],
    "timbre_loudness": [
      0.8,
      0.8500000000000001,
      0.8500000000000001,
      0.8500000000000001
    ],
    "dynamic_range": [
      0.8,
      0.75,
      0.9,
      0.8
    ],
    "tempo": [
      0.6000000000000001,
      0.55,
      0.6000000000000001,
      0.5
    ],
    "space": [
      0.8,
      0.9500000000000001,
      0.8500000000000001,
      0.8
    ],
    "balance": [
      0.8,
      0.8,
      0.8,
      0.8500000000000001
    ],
    "drama": [
      0.9,
      0.7000000000000001,
      0.8,
      0.65
    ],
    "mood_valence": [
      0.75,
      0.8,
      0.75,
      0.6000000000000001
    ],
    "mood_energy": [
      0.8,
      0.7000000000000001,
      0.8,
      0.65
    ],
    "mood_imagination": [
      0.75,
      0.8,
      0.75,
      0.7000000000000001
    ],
    "sophistication": [
      0.9500000000000001,
      0.9500000000000001,
      0.9500000000000001,
      0.9
    ],
    "interpretation": [
      0.8500000000000001,
      0.7000000000000001,
      0.8,
      0.65
    ]
  }
}