{
  "experiment_id": "M1a_muq_L1-4",
  "description": "MuQ layers 1-4 (early acoustic)",
  "config": {
    "input_dim": 1024,
    "hidden_dim": 512,
    "num_labels": 19,
    "dropout": 0.2,
    "learning_rate": 0.0001,
    "weight_decay": 1e-05,
    "gradient_clip_val": 1.0,
    "batch_size": 64,
    "max_epochs": 200,
    "patience": 15,
    "max_frames": 1000,
    "n_folds": 4,
    "num_workers": 2,
    "seed": 42,
    "pooling_stats": "mean_std"
  },
  "summary": {
    "avg_r2": 0.4377067908644676,
    "std_r2": 0.051874487194245526,
    "r2_ci_95": [
      0.4131100498139858,
      0.4687366642057896
    ],
    "overall_r2": 0.44474199414253235,
    "overall_mae": 0.06979028135538101,
    "dispersion_ratio": 0.7473884224891663
  },
  "fold_results": {
    "0": 0.39812779426574707,
    "1": 0.4429609775543213,
    "2": 0.38936862349510193,
    "3": 0.5203697681427002
  },
  "per_dimension": {
    "timing": {
      "r2": 0.20710498094558716,
      "mae": 0.09500260651111603,
      "pearson": 0.46088242530822754,
      "p_value": 1.7803022955690183e-53,
      "label_mean": 0.4841463267803192,
      "label_std": 0.13315919041633606,
      "pred_mean": 0.48333847522735596,
      "pred_std": 0.07103816419839859
    },
    "articulation_length": {
      "r2": 0.6665853261947632,
      "mae": 0.05814613774418831,
      "pearson": 0.8165607452392578,
      "p_value": 3.4092061924574597e-239,
      "label_mean": 0.5528336763381958,
      "label_std": 0.12750078737735748,
      "pred_mean": 0.5511395335197449,
      "pred_std": 0.10450972616672516
    },
    "articulation_touch": {
      "r2": 0.5029668211936951,
      "mae": 0.06634903699159622,
      "pearson": 0.7134734392166138,
      "p_value": 1.4191955875170978e-155,
      "label_mean": 0.5556268095970154,
      "label_std": 0.11905945837497711,
      "pred_mean": 0.5608017444610596,
      "pred_std": 0.0926508828997612
    },
    "pedal_amount": {
      "r2": 0.5374124050140381,
      "mae": 0.09627242386341095,
      "pearson": 0.734408974647522,
      "p_value": 2.4987500517504284e-169,
      "label_mean": 0.6203431487083435,
      "label_std": 0.17973752319812775,
      "pred_mean": 0.6152167320251465,
      "pred_std": 0.13804425299167633
    },
    "pedal_clarity": {
      "r2": 0.43841850757598877,
      "mae": 0.10147351771593094,
      "pearson": 0.6625807285308838,
      "p_value": 8.640520662769742e-127,
      "label_mean": 0.5288309454917908,
      "label_std": 0.16834025084972382,
      "pred_mean": 0.5253110527992249,
      "pred_std": 0.11365239322185516
    },
    "timbre_variety": {
      "r2": 0.3005915880203247,
      "mae": 0.07738735526800156,
      "pearson": 0.5718521475791931,
      "p_value": 1.7777432316096243e-87,
      "label_mean": 0.5332480072975159,
      "label_std": 0.11646948009729385,
      "pred_mean": 0.5302267670631409,
      "pred_std": 0.08529311418533325
    },
    "timbre_depth": {
      "r2": 0.49151450395584106,
      "mae": 0.07079282402992249,
      "pearson": 0.7081888914108276,
      "p_value": 2.690909712033512e-152,
      "label_mean": 0.5938757658004761,
      "label_std": 0.128086119890213,
      "pred_mean": 0.5894187688827515,
      "pred_std": 0.10272899270057678
    },
    "timbre_brightness": {
      "r2": 0.4583103656768799,
      "mae": 0.056267086416482925,
      "pearson": 0.6780942678451538,
      "p_value": 6.02808106125294e-135,
      "label_mean": 0.4967922568321228,
      "label_std": 0.10502893477678299,
      "pred_mean": 0.4937469959259033,
      "pred_std": 0.0739196166396141
    },
    "timbre_loudness": {
      "r2": 0.5512444972991943,
      "mae": 0.06435941159725189,
      "pearson": 0.7429802417755127,
      "p_value": 2.4104953426532874e-175,
      "label_mean": 0.5845330357551575,
      "label_std": 0.12392674386501312,
      "pred_mean": 0.5853005051612854,
      "pred_std": 0.09543903917074203
    },
    "dynamic_range": {
      "r2": 0.5256839394569397,
      "mae": 0.06539136916399002,
      "pearson": 0.7336573004722595,
      "p_value": 8.204633149291805e-169,
      "label_mean": 0.5251308083534241,
      "label_std": 0.12373862415552139,
      "pred_mean": 0.5297518968582153,
      "pred_std": 0.103861965239048
    },
    "tempo": {
      "r2": 0.17269808053970337,
      "mae": 0.07016776502132416,
      "pearson": 0.445190966129303,
      "p_value": 1.3280556221616344e-49,
      "label_mean": 0.5355068445205688,
      "label_std": 0.10194860398769379,
      "pred_mean": 0.5352575182914734,
      "pred_std": 0.06166361644864082
    },
    "space": {
      "r2": 0.6333471536636353,
      "mae": 0.05485650524497032,
      "pearson": 0.7959064841270447,
      "p_value": 1.214097701042898e-218,
      "label_mean": 0.5221661329269409,
      "label_std": 0.11978843063116074,
      "pred_mean": 0.5217688679695129,
      "pred_std": 0.09659047424793243
    },
    "balance": {
      "r2": 0.41738593578338623,
      "mae": 0.06604273617267609,
      "pearson": 0.6652793884277344,
      "p_value": 3.572663586482833e-128,
      "label_mean": 0.560691237449646,
      "label_std": 0.11247605830430984,
      "pred_mean": 0.5550982356071472,
      "pred_std": 0.09178844839334488
    },
    "drama": {
      "r2": 0.3524666428565979,
      "mae": 0.06684662401676178,
      "pearson": 0.6136904358863831,
      "p_value": 5.139376016182308e-104,
      "label_mean": 0.611358106136322,
      "label_std": 0.10769057273864746,
      "pred_mean": 0.6078805923461914,
      "pred_std": 0.08245852589607239
    },
    "mood_valence": {
      "r2": 0.306732177734375,
      "mae": 0.07406729459762573,
      "pearson": 0.5760729908943176,
      "p_value": 4.883119089344297e-89,
      "label_mean": 0.585261344909668,
      "label_std": 0.11473122239112854,
      "pred_mean": 0.5823477506637573,
      "pred_std": 0.08404567092657089
    },
    "mood_energy": {
      "r2": 0.5063821077346802,
      "mae": 0.05709950253367424,
      "pearson": 0.7126413583755493,
      "p_value": 4.710754814678445e-155,
      "label_mean": 0.5104852914810181,
      "label_std": 0.11218186467885971,
      "pred_mean": 0.508159339427948,
      "pred_std": 0.08357293903827667
    },
    "mood_imagination": {
      "r2": 0.43436187505722046,
      "mae": 0.05777265876531601,
      "pearson": 0.6620153188705444,
      "p_value": 1.677211375846038e-126,
      "label_mean": 0.6025237441062927,
      "label_std": 0.0976666808128357,
      "pred_mean": 0.602509081363678,
      "pred_std": 0.07075797766447067
    },
    "sophistication": {
      "r2": 0.5800120234489441,
      "mae": 0.057785071432590485,
      "pearson": 0.7659604549407959,
      "p_value": 9.931315189624643e-193,
      "label_mean": 0.5498096346855164,
      "label_std": 0.11772658675909042,
      "pred_mean": 0.5448265671730042,
      "pred_std": 0.09840782731771469
    },
    "interpretation": {
      "r2": 0.36687809228897095,
      "mae": 0.06993558257818222,
      "pearson": 0.6215187907218933,
      "p_value": 2.1600170889954342e-107,
      "label_mean": 0.5661762952804565,
      "label_std": 0.11534003168344498,
      "pred_mean": 0.5611672401428223,
      "pred_std": 0.08695342391729355
    }
  },
  "training_time_seconds": 3302.8798105716705
}