{
  "experiment_id": "M1b_muq_L5-8",
  "description": "MuQ layers 5-8 (mid perceptual)",
  "config": {
    "input_dim": 1024,
    "hidden_dim": 512,
    "num_labels": 19,
    "dropout": 0.2,
    "learning_rate": 0.0001,
    "weight_decay": 1e-05,
    "gradient_clip_val": 1.0,
    "batch_size": 64,
    "max_epochs": 200,
    "patience": 15,
    "max_frames": 1000,
    "n_folds": 4,
    "num_workers": 2,
    "seed": 42,
    "pooling_stats": "mean_std"
  },
  "summary": {
    "avg_r2": 0.5244579762220383,
    "std_r2": 0.05349011719226837,
    "r2_ci_95": [
      0.44239048659801483,
      0.49083320945501324
    ],
    "overall_r2": 0.4664982259273529,
    "overall_mae": 0.06901851296424866,
    "dispersion_ratio": 0.707657516002655
  },
  "fold_results": {
    "2": 0.4709678590297699,
    "3": 0.5779480934143066
  },
  "per_dimension": {
    "timing": {
      "r2": 0.3924981355667114,
      "mae": 0.08228319883346558,
      "pearson": 0.6274354457855225,
      "p_value": 5.2275846062742704e-110,
      "label_mean": 0.4841463267803192,
      "label_std": 0.13315917551517487,
      "pred_mean": 0.4858948588371277,
      "pred_std": 0.07932809740304947
    },
    "articulation_length": {
      "r2": 0.6591247320175171,
      "mae": 0.0590696856379509,
      "pearson": 0.8123210668563843,
      "p_value": 9.077343921230687e-235,
      "label_mean": 0.5528336763381958,
      "label_std": 0.12750078737735748,
      "pred_mean": 0.5537710785865784,
      "pred_std": 0.10023030638694763
    },
    "articulation_touch": {
      "r2": 0.4677283763885498,
      "mae": 0.06883952766656876,
      "pearson": 0.6846611499786377,
      "p_value": 1.49242363954592e-138,
      "label_mean": 0.5556268692016602,
      "label_std": 0.11905946582555771,
      "pred_mean": 0.555834949016571,
      "pred_std": 0.08533535897731781
    },
    "pedal_amount": {
      "r2": 0.500156581401825,
      "mae": 0.09995170682668686,
      "pearson": 0.7075405120849609,
      "p_value": 6.7144069507210785e-152,
      "label_mean": 0.6203432083129883,
      "label_std": 0.17973752319812775,
      "pred_mean": 0.6214351058006287,
      "pred_std": 0.13085541129112244
    },
    "pedal_clarity": {
      "r2": 0.3867480158805847,
      "mae": 0.1060742735862732,
      "pearson": 0.6224581599235535,
      "p_value": 8.372293425643982e-108,
      "label_mean": 0.5288309454917908,
      "label_std": 0.168340265750885,
      "pred_mean": 0.5313917994499207,
      "pred_std": 0.10845334827899933
    },
    "timbre_variety": {
      "r2": 0.38174110651016235,
      "mae": 0.07325229048728943,
      "pearson": 0.6220887899398804,
      "p_value": 1.2158737474677821e-107,
      "label_mean": 0.5332480072975159,
      "label_std": 0.11646948754787445,
      "pred_mean": 0.5341587066650391,
      "pred_std": 0.0808468759059906
    },
    "timbre_depth": {
      "r2": 0.5136079788208008,
      "mae": 0.07011538743972778,
      "pearson": 0.7172930836677551,
      "p_value": 5.446038976399825e-158,
      "label_mean": 0.5938758850097656,
      "label_std": 0.128086119890213,
      "pred_mean": 0.5944992303848267,
      "pred_std": 0.09567002952098846
    },
    "timbre_brightness": {
      "r2": 0.463659405708313,
      "mae": 0.056222543120384216,
      "pearson": 0.6811124682426453,
      "p_value": 1.3628111043242434e-136,
      "label_mean": 0.4967922568321228,
      "label_std": 0.10502893477678299,
      "pred_mean": 0.49528995156288147,
      "pred_std": 0.07079188525676727
    },
    "timbre_loudness": {
      "r2": 0.5362553596496582,
      "mae": 0.06561989337205887,
      "pearson": 0.7325416803359985,
      "p_value": 4.756198016059001e-168,
      "label_mean": 0.5845330357551575,
      "label_std": 0.12392674386501312,
      "pred_mean": 0.586687445640564,
      "pred_std": 0.09173938632011414
    },
    "dynamic_range": {
      "r2": 0.5159574747085571,
      "mae": 0.06554906070232391,
      "pearson": 0.7196282148361206,
      "p_value": 1.7345466409363307e-159,
      "label_mean": 0.5251308083534241,
      "label_std": 0.12373863160610199,
      "pred_mean": 0.5251202583312988,
      "pred_std": 0.09444987028837204
    },
    "tempo": {
      "r2": 0.1566804051399231,
      "mae": 0.07139430195093155,
      "pearson": 0.4266299605369568,
      "p_value": 2.817781092524476e-45,
      "label_mean": 0.5355068445205688,
      "label_std": 0.10194859653711319,
      "pred_mean": 0.5347613096237183,
      "pred_std": 0.05970358848571777
    },
    "space": {
      "r2": 0.6626124382019043,
      "mae": 0.05303081125020981,
      "pearson": 0.8152169585227966,
      "p_value": 8.862552441522286e-238,
      "label_mean": 0.5221661329269409,
      "label_std": 0.11978843063116074,
      "pred_mean": 0.5227677822113037,
      "pred_std": 0.09237592667341232
    },
    "balance": {
      "r2": 0.4933246970176697,
      "mae": 0.0626465231180191,
      "pearson": 0.7044771909713745,
      "p_value": 4.881009523024032e-150,
      "label_mean": 0.560691237449646,
      "label_std": 0.11247605830430984,
      "pred_mean": 0.5570498704910278,
      "pred_std": 0.08415945619344711
    },
    "drama": {
      "r2": 0.38254445791244507,
      "mae": 0.06584592163562775,
      "pearson": 0.625217616558075,
      "p_value": 5.076314986313373e-109,
      "label_mean": 0.611358106136322,
      "label_std": 0.10769057273864746,
      "pred_mean": 0.6069505214691162,
      "pred_std": 0.07613002508878708
    },
    "mood_valence": {
      "r2": 0.38929808139801025,
      "mae": 0.07118745893239975,
      "pearson": 0.625908613204956,
      "p_value": 2.505140181174545e-109,
      "label_mean": 0.5852612853050232,
      "label_std": 0.11473122239112854,
      "pred_mean": 0.5877577662467957,
      "pred_std": 0.07692918926477432
    },
    "mood_energy": {
      "r2": 0.514743983745575,
      "mae": 0.05703160911798477,
      "pearson": 0.7175068855285645,
      "p_value": 3.9776281551276816e-158,
      "label_mean": 0.5104852318763733,
      "label_std": 0.11218187212944031,
      "pred_mean": 0.5101152658462524,
      "pred_std": 0.0796130821108818
    },
    "mood_imagination": {
      "r2": 0.4132150411605835,
      "mae": 0.058450162410736084,
      "pearson": 0.6440661549568176,
      "p_value": 1.1288024427693034e-117,
      "label_mean": 0.6025237441062927,
      "label_std": 0.09766668826341629,
      "pred_mean": 0.6043180823326111,
      "pred_std": 0.06638265401124954
    },
    "sophistication": {
      "r2": 0.6277481317520142,
      "mae": 0.05570559948682785,
      "pearson": 0.792462944984436,
      "p_value": 1.9060162750998786e-215,
      "label_mean": 0.5498096942901611,
      "label_std": 0.11772657930850983,
      "pred_mean": 0.5483364462852478,
      "pred_std": 0.09215958416461945
    },
    "interpretation": {
      "r2": 0.4058189392089844,
      "mae": 0.06908182799816132,
      "pearson": 0.6399061679840088,
      "p_value": 1.0342657157086578e-115,
      "label_mean": 0.5661762952804565,
      "label_std": 0.11534003168344498,
      "pred_mean": 0.5627108812332153,
      "pred_std": 0.07986441999673843
    }
  },
  "training_time_seconds": 1832.988110780716
}