{
  "experiment_id": "M1c_muq_L9-12",
  "description": "MuQ layers 9-12 (late semantic)",
  "config": {
    "input_dim": 1024,
    "hidden_dim": 512,
    "num_labels": 19,
    "dropout": 0.2,
    "learning_rate": 0.0001,
    "weight_decay": 1e-05,
    "gradient_clip_val": 1.0,
    "batch_size": 64,
    "max_epochs": 200,
    "patience": 15,
    "max_frames": 1000,
    "n_folds": 4,
    "num_workers": 2,
    "seed": 42,
    "pooling_stats": "mean_std"
  },
  "summary": {
    "avg_r2": 0.5324902758002281,
    "std_r2": 0.03790353870123351,
    "r2_ci_95": [
      0.5137161493301392,
      0.5596451103687287
    ],
    "overall_r2": 0.5387094616889954,
    "overall_mae": 0.0643642470240593,
    "dispersion_ratio": 0.7474227547645569
  },
  "fold_results": {
    "0": 0.516732394695282,
    "1": 0.5441563725471497,
    "2": 0.4827967584133148,
    "3": 0.586275577545166
  },
  "per_dimension": {
    "timing": {
      "r2": 0.4524672031402588,
      "mae": 0.0775345042347908,
      "pearson": 0.674323320388794,
      "p_value": 6.43826767294402e-133,
      "label_mean": 0.4841463267803192,
      "label_std": 0.13315917551517487,
      "pred_mean": 0.4887130558490753,
      "pred_std": 0.09414501488208771
    },
    "articulation_length": {
      "r2": 0.6900427937507629,
      "mae": 0.05707750841975212,
      "pearson": 0.8311338424682617,
      "p_value": 2.5056808346015756e-255,
      "label_mean": 0.552833616733551,
      "label_std": 0.12750078737735748,
      "pred_mean": 0.5527793765068054,
      "pred_std": 0.10250038653612137
    },
    "articulation_touch": {
      "r2": 0.56261146068573,
      "mae": 0.0623922273516655,
      "pearson": 0.7504611015319824,
      "p_value": 8.551288290665921e-181,
      "label_mean": 0.5556268692016602,
      "label_std": 0.11905946582555771,
      "pred_mean": 0.5583477020263672,
      "pred_std": 0.09025870263576508
    },
    "pedal_amount": {
      "r2": 0.5693284273147583,
      "mae": 0.09177523106336594,
      "pearson": 0.7546993494033813,
      "p_value": 5.718807834902168e-184,
      "label_mean": 0.6203432679176331,
      "label_std": 0.17973750829696655,
      "pred_mean": 0.6192864775657654,
      "pred_std": 0.13823968172073364
    },
    "pedal_clarity": {
      "r2": 0.4710403084754944,
      "mae": 0.09756048023700714,
      "pearson": 0.6864107251167297,
      "p_value": 1.5738348747760403e-139,
      "label_mean": 0.5288309454917908,
      "label_std": 0.16834025084972382,
      "pred_mean": 0.5293340682983398,
      "pred_std": 0.1173204556107521
    },
    "timbre_variety": {
      "r2": 0.4616086483001709,
      "mae": 0.06897679716348648,
      "pearson": 0.6805355548858643,
      "p_value": 2.8221018104793394e-136,
      "label_mean": 0.5332480072975159,
      "label_std": 0.11646948754787445,
      "pred_mean": 0.5350300073623657,
      "pred_std": 0.0834382027387619
    },
    "timbre_depth": {
      "r2": 0.593335747718811,
      "mae": 0.06393216550350189,
      "pearson": 0.7703465223312378,
      "p_value": 2.818812246646738e-196,
      "label_mean": 0.5938758254051208,
      "label_std": 0.128086119890213,
      "pred_mean": 0.5932844281196594,
      "pred_std": 0.09979243576526642
    },
    "timbre_brightness": {
      "r2": 0.503227949142456,
      "mae": 0.0541885681450367,
      "pearson": 0.7114866971969604,
      "p_value": 2.4720767446764758e-154,
      "label_mean": 0.4967922568321228,
      "label_std": 0.10502893477678299,
      "pred_mean": 0.49113088846206665,
      "pred_std": 0.07378792017698288
    },
    "timbre_loudness": {
      "r2": 0.6083244681358337,
      "mae": 0.06019279733300209,
      "pearson": 0.7805368900299072,
      "p_value": 7.856733293943184e-205,
      "label_mean": 0.5845330357551575,
      "label_std": 0.12392674386501312,
      "pred_mean": 0.5882283449172974,
      "pred_std": 0.09734000265598297
    },
    "dynamic_range": {
      "r2": 0.606692910194397,
      "mae": 0.060323819518089294,
      "pearson": 0.7806114554405212,
      "p_value": 6.774926022807206e-205,
      "label_mean": 0.5251308083534241,
      "label_std": 0.12373863160610199,
      "pred_mean": 0.5284682512283325,
      "pred_std": 0.10203317552804947
    },
    "tempo": {
      "r2": 0.3135179281234741,
      "mae": 0.06446942687034607,
      "pearson": 0.5637890696525574,
      "p_value": 1.479392451329094e-84,
      "label_mean": 0.5355068445205688,
      "label_std": 0.10194860398769379,
      "pred_mean": 0.5391932725906372,
      "pred_std": 0.06309175491333008
    },
    "space": {
      "r2": 0.6925390958786011,
      "mae": 0.05048782378435135,
      "pearson": 0.8330931663513184,
      "p_value": 1.2941761244579698e-257,
      "label_mean": 0.5221661329269409,
      "label_std": 0.11978842318058014,
      "pred_mean": 0.5181159973144531,
      "pred_std": 0.09751588851213455
    },
    "balance": {
      "r2": 0.5646970868110657,
      "mae": 0.0583319216966629,
      "pearson": 0.7519415616989136,
      "p_value": 6.766902211158496e-182,
      "label_mean": 0.560691237449646,
      "label_std": 0.11247605830430984,
      "pred_mean": 0.5602127909660339,
      "pred_std": 0.08755314350128174
    },
    "drama": {
      "r2": 0.456401526927948,
      "mae": 0.0625828355550766,
      "pearson": 0.6789342164993286,
      "p_value": 2.109477110451059e-135,
      "label_mean": 0.6113581657409668,
      "label_std": 0.10769056528806686,
      "pred_mean": 0.606898307800293,
      "pred_std": 0.07884865999221802
    },
    "mood_valence": {
      "r2": 0.46441715955734253,
      "mae": 0.06699740886688232,
      "pearson": 0.6816600561141968,
      "p_value": 6.819556726134349e-137,
      "label_mean": 0.5852612853050232,
      "label_std": 0.11473122239112854,
      "pred_mean": 0.585684597492218,
      "pred_std": 0.07994579523801804
    },
    "mood_energy": {
      "r2": 0.5424845218658447,
      "mae": 0.05564291402697563,
      "pearson": 0.7378284931182861,
      "p_value": 1.0620981280087582e-171,
      "label_mean": 0.5104852914810181,
      "label_std": 0.11218186467885971,
      "pred_mean": 0.5055952072143555,
      "pred_std": 0.0830518826842308
    },
    "mood_imagination": {
      "r2": 0.5138134360313416,
      "mae": 0.05369895324110985,
      "pearson": 0.7169710993766785,
      "p_value": 8.7339636255819e-158,
      "label_mean": 0.6025237441062927,
      "label_std": 0.0976666808128357,
      "pred_mean": 0.6039780378341675,
      "pred_std": 0.07036758959293365
    },
    "sophistication": {
      "r2": 0.6776730418205261,
      "mae": 0.052569787949323654,
      "pearson": 0.8233842849731445,
      "p_value": 1.45762460787168e-246,
      "label_mean": 0.5498096346855164,
      "label_std": 0.11772658675909042,
      "pred_mean": 0.5493171811103821,
      "pred_std": 0.09499593824148178
    },
    "interpretation": {
      "r2": 0.49125540256500244,
      "mae": 0.06418552994728088,
      "pearson": 0.7013251781463623,
      "p_value": 3.7932143390964755e-148,
      "label_mean": 0.5661763548851013,
      "label_std": 0.11534003168344498,
      "pred_mean": 0.56458580493927,
      "pred_std": 0.08323017507791519
    }
  },
  "training_time_seconds": 3248.7889041900635
}