{
  "experiment_id": "M1d_muq_L1-12",
  "description": "MuQ all layers 1-12",
  "config": {
    "input_dim": 1024,
    "hidden_dim": 512,
    "num_labels": 19,
    "dropout": 0.2,
    "learning_rate": 0.0001,
    "weight_decay": 1e-05,
    "gradient_clip_val": 1.0,
    "batch_size": 64,
    "max_epochs": 200,
    "patience": 15,
    "max_frames": 1000,
    "n_folds": 4,
    "num_workers": 2,
    "seed": 42,
    "pooling_stats": "mean_std"
  },
  "summary": {
    "avg_r2": 0.5096893534064293,
    "std_r2": 0.03066913921422242,
    "r2_ci_95": [
      0.4901594653725624,
      0.5380803525447846
    ],
    "overall_r2": 0.5153066515922546,
    "overall_mae": 0.06584759801626205,
    "dispersion_ratio": 0.752203106880188
  },
  "fold_results": {
    "0": 0.4907488524913788,
    "1": 0.5116979479789734,
    "2": 0.4778051972389221,
    "3": 0.5585054159164429
  },
  "per_dimension": {
    "timing": {
      "r2": 0.41329097747802734,
      "mae": 0.07977526634931564,
      "pearson": 0.6429190635681152,
      "p_value": 3.950568296675946e-117,
      "label_mean": 0.4841463267803192,
      "label_std": 0.13315917551517487,
      "pred_mean": 0.4832049608230591,
      "pred_std": 0.08534696698188782
    },
    "articulation_length": {
      "r2": 0.6871225833892822,
      "mae": 0.05698612704873085,
      "pearson": 0.8291530609130859,
      "p_value": 4.7989704122955996e-253,
      "label_mean": 0.552833616733551,
      "label_std": 0.12750078737735748,
      "pred_mean": 0.5541365146636963,
      "pred_std": 0.10363077372312546
    },
    "articulation_touch": {
      "r2": 0.5370728969573975,
      "mae": 0.06399013102054596,
      "pearson": 0.7342928647994995,
      "p_value": 3.0033220323586603e-169,
      "label_mean": 0.5556268692016602,
      "label_std": 0.11905946582555771,
      "pred_mean": 0.5536074042320251,
      "pred_std": 0.0925113707780838
    },
    "pedal_amount": {
      "r2": 0.5609723925590515,
      "mae": 0.09336946159601212,
      "pearson": 0.7492613196372986,
      "p_value": 6.593056388176098e-180,
      "label_mean": 0.6203432083129883,
      "label_std": 0.17973752319812775,
      "pred_mean": 0.6215624213218689,
      "pred_std": 0.13814665377140045
    },
    "pedal_clarity": {
      "r2": 0.453220009803772,
      "mae": 0.10026562213897705,
      "pearson": 0.6735767722129822,
      "p_value": 1.6097822064275093e-132,
      "label_mean": 0.5288309454917908,
      "label_std": 0.168340265750885,
      "pred_mean": 0.5302615165710449,
      "pred_std": 0.11681287735700607
    },
    "timbre_variety": {
      "r2": 0.4237332344055176,
      "mae": 0.07117510586977005,
      "pearson": 0.6552935838699341,
      "p_value": 3.993982286796523e-123,
      "label_mean": 0.5332480072975159,
      "label_std": 0.11646948754787445,
      "pred_mean": 0.5328711867332458,
      "pred_std": 0.08508865535259247
    },
    "timbre_depth": {
      "r2": 0.578140139579773,
      "mae": 0.06546450406312943,
      "pearson": 0.7612915635108948,
      "p_value": 4.876413814854485e-189,
      "label_mean": 0.5938758254051208,
      "label_std": 0.128086119890213,
      "pred_mean": 0.5928782224655151,
      "pred_std": 0.1022418662905693
    },
    "timbre_brightness": {
      "r2": 0.5028647184371948,
      "mae": 0.053946319967508316,
      "pearson": 0.710299015045166,
      "p_value": 1.348711054213495e-153,
      "label_mean": 0.4967922568321228,
      "label_std": 0.10502892732620239,
      "pred_mean": 0.4925329387187958,
      "pred_std": 0.07501181960105896
    },
    "timbre_loudness": {
      "r2": 0.599617600440979,
      "mae": 0.061662573367357254,
      "pearson": 0.7745173573493958,
      "p_value": 1.0071431725792985e-199,
      "label_mean": 0.5845330357551575,
      "label_std": 0.12392674386501312,
      "pred_mean": 0.5831036567687988,
      "pred_std": 0.09737696498632431
    },
    "dynamic_range": {
      "r2": 0.5858738422393799,
      "mae": 0.06167486682534218,
      "pearson": 0.7682076096534729,
      "p_value": 1.5474773419982112e-194,
      "label_mean": 0.5251308679580688,
      "label_std": 0.12373862415552139,
      "pred_mean": 0.5245641469955444,
      "pred_std": 0.10312186926603317
    },
    "tempo": {
      "r2": 0.24755722284317017,
      "mae": 0.06747253984212875,
      "pearson": 0.5063498020172119,
      "p_value": 6.61478456044315e-66,
      "label_mean": 0.5355068445205688,
      "label_std": 0.10194859653711319,
      "pred_mean": 0.5345959663391113,
      "pred_std": 0.06115983799099922
    },
    "space": {
      "r2": 0.6704505085945129,
      "mae": 0.05205552279949188,
      "pearson": 0.8189693689346313,
      "p_value": 9.269981275283504e-242,
      "label_mean": 0.5221661329269409,
      "label_std": 0.11978843063116074,
      "pred_mean": 0.5203492641448975,
      "pred_std": 0.09744270890951157
    },
    "balance": {
      "r2": 0.529849112033844,
      "mae": 0.06045178696513176,
      "pearson": 0.7308784127235413,
      "p_value": 6.426392513853065e-167,
      "label_mean": 0.560691237449646,
      "label_std": 0.11247606575489044,
      "pred_mean": 0.5591480731964111,
      "pred_std": 0.0894484743475914
    },
    "drama": {
      "r2": 0.42732691764831543,
      "mae": 0.06358285993337631,
      "pearson": 0.6595029830932617,
      "p_value": 3.139994012628599e-125,
      "label_mean": 0.611358106136322,
      "label_std": 0.10769057273864746,
      "pred_mean": 0.6092373728752136,
      "pred_std": 0.08017881214618683
    },
    "mood_valence": {
      "r2": 0.43016695976257324,
      "mae": 0.06920719146728516,
      "pearson": 0.6579758524894714,
      "p_value": 1.837845865434579e-124,
      "label_mean": 0.585261344909668,
      "label_std": 0.11473122239112854,
      "pred_mean": 0.5853815078735352,
      "pred_std": 0.08152235299348831
    },
    "mood_energy": {
      "r2": 0.5376635193824768,
      "mae": 0.055282458662986755,
      "pearson": 0.7349987626075745,
      "p_value": 9.803040275271331e-170,
      "label_mean": 0.5104852914810181,
      "label_std": 0.11218186467885971,
      "pred_mean": 0.5056604146957397,
      "pred_std": 0.08544248342514038
    },
    "mood_imagination": {
      "r2": 0.4825085997581482,
      "mae": 0.05589763820171356,
      "pearson": 0.6954752802848816,
      "p_value": 1.0528904642987179e-144,
      "label_mean": 0.6025237441062927,
      "label_std": 0.0976666808128357,
      "pred_mean": 0.6020691394805908,
      "pred_std": 0.07124471664428711
    },
    "sophistication": {
      "r2": 0.6687841415405273,
      "mae": 0.05299336090683937,
      "pearson": 0.8178678750991821,
      "p_value": 1.3965961457114753e-240,
      "label_mean": 0.5498096346855164,
      "label_std": 0.11772658675909042,
      "pred_mean": 0.548906147480011,
      "pred_std": 0.09723357856273651
    },
    "interpretation": {
      "r2": 0.4546091556549072,
      "mae": 0.06585109233856201,
      "pearson": 0.6774617433547974,
      "p_value": 1.3260779252242227e-134,
      "label_mean": 0.5661763548851013,
      "label_std": 0.11534003168344498,
      "pred_mean": 0.564749538898468,
      "pred_std": 0.08560638874769211
    }
  },
  "training_time_seconds": 5547.355862617493
}