{
  "experiment_id": "M2_muq_last_hidden",
  "description": "MuQ last hidden state only (like D8)",
  "config": {
    "input_dim": 1024,
    "hidden_dim": 512,
    "num_labels": 19,
    "dropout": 0.2,
    "learning_rate": 0.0001,
    "weight_decay": 1e-05,
    "gradient_clip_val": 1.0,
    "batch_size": 64,
    "max_epochs": 200,
    "patience": 15,
    "max_frames": 1000,
    "n_folds": 4,
    "num_workers": 2,
    "seed": 42,
    "pooling_stats": "mean_std"
  },
  "summary": {
    "avg_r2": 0.5125409662723541,
    "std_r2": 0.02691402167354444,
    "r2_ci_95": [
      0.49337125942111015,
      0.5388965085148811
    ],
    "overall_r2": 0.517609715461731,
    "overall_mae": 0.06576301902532578,
    "dispersion_ratio": 0.7292491793632507
  },
  "fold_results": {
    "0": 0.4894084334373474,
    "1": 0.5273663997650146,
    "2": 0.48422878980636597,
    "3": 0.5491602420806885
  },
  "per_dimension": {
    "timing": {
      "r2": 0.39292919635772705,
      "mae": 0.08102696388959885,
      "pearson": 0.6279820203781128,
      "p_value": 2.976876176037758e-110,
      "label_mean": 0.4841463267803192,
      "label_std": 0.13315919041633606,
      "pred_mean": 0.4808196425437927,
      "pred_std": 0.08740726858377457
    },
    "articulation_length": {
      "r2": 0.6710959672927856,
      "mae": 0.05843045189976692,
      "pearson": 0.8195139169692993,
      "p_value": 2.408466061874988e-242,
      "label_mean": 0.552833616733551,
      "label_std": 0.12750078737735748,
      "pred_mean": 0.5526620149612427,
      "pred_std": 0.10162287205457687
    },
    "articulation_touch": {
      "r2": 0.5419546365737915,
      "mae": 0.0645466297864914,
      "pearson": 0.7363430261611938,
      "p_value": 1.1506453619381294e-170,
      "label_mean": 0.5556268095970154,
      "label_std": 0.11905945837497711,
      "pred_mean": 0.5573819875717163,
      "pred_std": 0.08702677488327026
    },
    "pedal_amount": {
      "r2": 0.5572494268417358,
      "mae": 0.09376724064350128,
      "pearson": 0.7465604543685913,
      "p_value": 6.276884125625696e-178,
      "label_mean": 0.6203432083129883,
      "label_std": 0.17973752319812775,
      "pred_mean": 0.6186069846153259,
      "pred_std": 0.1336236149072647
    },
    "pedal_clarity": {
      "r2": 0.4690867066383362,
      "mae": 0.09764832258224487,
      "pearson": 0.6851053237915039,
      "p_value": 8.44341002197049e-139,
      "label_mean": 0.5288309454917908,
      "label_std": 0.168340265750885,
      "pred_mean": 0.529638409614563,
      "pred_std": 0.11261800676584244
    },
    "timbre_variety": {
      "r2": 0.44262468814849854,
      "mae": 0.07006912678480148,
      "pearson": 0.6670019626617432,
      "p_value": 4.594690975149124e-129,
      "label_mean": 0.5332480072975159,
      "label_std": 0.11646948754787445,
      "pred_mean": 0.5344396829605103,
      "pred_std": 0.08310122787952423
    },
    "timbre_depth": {
      "r2": 0.5824586153030396,
      "mae": 0.0649423599243164,
      "pearson": 0.7633174061775208,
      "p_value": 1.2504155883119975e-190,
      "label_mean": 0.5938758254051208,
      "label_std": 0.128086119890213,
      "pred_mean": 0.5929093956947327,
      "pred_std": 0.09927447885274887
    },
    "timbre_brightness": {
      "r2": 0.5000830888748169,
      "mae": 0.05400112643837929,
      "pearson": 0.7080113887786865,
      "p_value": 3.4571772733605495e-152,
      "label_mean": 0.4967922568321228,
      "label_std": 0.10502893477678299,
      "pred_mean": 0.493205726146698,
      "pred_std": 0.07377828657627106
    },
    "timbre_loudness": {
      "r2": 0.577971339225769,
      "mae": 0.0623227134346962,
      "pearson": 0.7610632181167603,
      "p_value": 7.351809911660531e-189,
      "label_mean": 0.5845330357551575,
      "label_std": 0.12392674386501312,
      "pred_mean": 0.588341474533081,
      "pred_std": 0.09216424822807312
    },
    "dynamic_range": {
      "r2": 0.5964623689651489,
      "mae": 0.06132998317480087,
      "pearson": 0.7725445628166199,
      "p_value": 4.391413558159899e-198,
      "label_mean": 0.5251308083534241,
      "label_std": 0.12373863160610199,
      "pred_mean": 0.5263687968254089,
      "pred_std": 0.09759931266307831
    },
    "tempo": {
      "r2": 0.2698103189468384,
      "mae": 0.06634017080068588,
      "pearson": 0.5258504748344421,
      "p_value": 7.708919829502883e-72,
      "label_mean": 0.5355068445205688,
      "label_std": 0.10194859653711319,
      "pred_mean": 0.5383831858634949,
      "pred_std": 0.06144872307777405
    },
    "space": {
      "r2": 0.6530767679214478,
      "mae": 0.05317005515098572,
      "pearson": 0.8084036111831665,
      "p_value": 8.870534687361795e-231,
      "label_mean": 0.5221661329269409,
      "label_std": 0.11978843063116074,
      "pred_mean": 0.52021324634552,
      "pred_std": 0.09525813907384872
    },
    "balance": {
      "r2": 0.5535103678703308,
      "mae": 0.05921826884150505,
      "pearson": 0.7446063756942749,
      "p_value": 1.6355215885896185e-176,
      "label_mean": 0.5606912970542908,
      "label_std": 0.11247605830430984,
      "pred_mean": 0.5601349472999573,
      "pred_std": 0.08713191002607346
    },
    "drama": {
      "r2": 0.4480881094932556,
      "mae": 0.06330444663763046,
      "pearson": 0.6707104444503784,
      "p_value": 5.298874437297751e-131,
      "label_mean": 0.611358106136322,
      "label_std": 0.10769057273864746,
      "pred_mean": 0.6104016900062561,
      "pred_std": 0.07665041089057922
    },
    "mood_valence": {
      "r2": 0.42368435859680176,
      "mae": 0.06890583783388138,
      "pearson": 0.6525286436080933,
      "p_value": 9.234951487526738e-122,
      "label_mean": 0.5852612853050232,
      "label_std": 0.11473122239112854,
      "pred_mean": 0.586201548576355,
      "pred_std": 0.08005007356405258
    },
    "mood_energy": {
      "r2": 0.528967022895813,
      "mae": 0.05628729239106178,
      "pearson": 0.7279965281486511,
      "p_value": 5.585301115637349e-165,
      "label_mean": 0.5104852318763733,
      "label_std": 0.11218187212944031,
      "pred_mean": 0.5076443552970886,
      "pred_std": 0.0838274210691452
    },
    "mood_imagination": {
      "r2": 0.4853276014328003,
      "mae": 0.05531147122383118,
      "pearson": 0.6973199844360352,
      "p_value": 8.822345289208094e-146,
      "label_mean": 0.6025237441062927,
      "label_std": 0.0976666808128357,
      "pred_mean": 0.6051130890846252,
      "pred_std": 0.06664107739925385
    },
    "sophistication": {
      "r2": 0.6631622314453125,
      "mae": 0.05384921655058861,
      "pearson": 0.814651370048523,
      "p_value": 3.465093094643042e-237,
      "label_mean": 0.5498096942901611,
      "label_std": 0.11772657930850983,
      "pred_mean": 0.548244297504425,
      "pred_std": 0.09380728006362915
    },
    "interpretation": {
      "r2": 0.4770408868789673,
      "mae": 0.06502573192119598,
      "pearson": 0.6910597085952759,
      "p_value": 3.689725781478101e-142,
      "label_mean": 0.5661763548851013,
      "label_std": 0.11534002423286438,
      "pred_mean": 0.5670926570892334,
      "pred_std": 0.08217930793762207
    }
  },
  "training_time_seconds": 4996.419771432877
}